active_proc,uptime,cpu_percent,cpu_ctx_switches,cpu_interrupts,cpu_soft_interrupts,cpu_syscalls,cpu_count_logical,cpu_count_physical,mem_available,mem_used,mem_percent,disk_total,disk_used,disk_free,disk_percent,swap_mem_used,swap_mem_free,swap_mem_percent,failure_warning
542,112535.76,16.7,644969,794583,230475291,1138029,8,4,7303159808,7769489408,57.5,500068036608,15324188672,8468860928,64.4,5157158912,1285292032,80.0,0
542,112537.77,10.8,626275,828524,230484694,1138081,8,4,7226802176,7841304576,57.9,500068036608,15324188672,8468287488,64.4,5157158912,1285292032,80.0,0
542,112539.78,12.5,623184,839594,230487914,1138111,8,4,7214264320,7853195264,58.0,500068036608,15324188672,8468287488,64.4,5157158912,1285292032,80.0,0
542,112541.80,14.5,611789,841475,230504009,1138043,8,4,7167311872,7899189248,58.3,500068036608,15324188672,8468283392,64.4,5157158912,1285292032,80.0,0
542,112543.81,7.4,616766,834280,230513371,1138348,8,4,7188946944,7871025152,58.2,500068036608,15324188672,8468283392,64.4,5157158912,1285292032,80.0,0
542,112545.83,4.5,623026,828757,230514150,1137315,8,4,7210356736,7848407040,58.0,500068036608,15324188672,8468283392,64.4,5157158912,1285292032,80.0,0
542,112547.84,4.2,625728,826537,230515457,1137316,8,4,7221428224,7836516352,58.0,500068036608,15324188672,8468283392,64.4,5157158912,1285292032,80.0,0
542,112549.86,3.9,625265,820010,230515990,1137315,8,4,7219527680,7836979200,58.0,500068036608,15324188672,8468283392,64.4,5157158912,1285292032,80.0,0
542,112551.87,11.5,625935,801617,230517897,1137290,8,4,7222169600,7835074560,58.0,500068036608,15324188672,8468283392,64.4,5157158912,1285292032,80.0,0
542,112553.89,7.5,622629,802209,230521603,1137290,8,4,7208628224,7839166464,58.0,500068036608,15324188672,8468283392,64.4,5157158912,1285292032,80.0,0
544,112555.90,12.5,618233,805027,230528554,1137449,8,4,7191273472,7854260224,58.1,500068036608,15324188672,8468283392,64.4,5157158912,1285292032,80.0,0
543,112557.91,14.5,617902,770488,230534586,1137555,8,4,7190351872,7855161344,58.1,500068036608,15324188672,8468279296,64.4,5157158912,1285292032,80.0,0
543,112559.93,3.8,618001,770452,230535163,1137555,8,4,7190757376,7855730688,58.1,500068036608,15324188672,8468287488,64.4,5157158912,1285292032,80.0,0
543,112561.94,7.9,628758,796283,230537017,1137137,8,4,7233105920,7802974208,57.9,500068036608,15324188672,8468058112,64.4,5123604480,1318846464,79.5,0
543,112563.95,14.7,629686,805242,230546569,1137267,8,4,7237439488,7798751232,57.9,500068036608,15324188672,8467845120,64.4,5123604480,1318846464,79.5,0
543,112565.96,13.0,614652,802070,230554142,1138052,8,4,7179075584,7806431232,58.2,500068036608,15324188672,8467255296,64.4,5090050048,1352400896,79.0,0
543,112567.97,9.1,604474,802059,230561307,1138105,8,4,7137603584,7837954048,58.5,500068036608,15324188672,8467218432,64.4,5090050048,1352400896,79.0,0
543,112569.99,13.2,583817,839517,230569362,1138666,8,4,7055290368,7919112192,58.9,500068036608,15324188672,8467017728,64.4,5090050048,1352400896,79.0,0
543,112572.00,5.7,583147,835194,230572113,1138724,8,4,7052783616,7920332800,58.9,500068036608,15324188672,8467005440,64.4,5090050048,1352400896,79.0,0
543,112574.02,3.7,593174,826024,230572887,1138204,8,4,7091724288,7881150464,58.7,500068036608,15324188672,8467009536,64.4,5090050048,1352400896,79.0,0
543,112576.04,4.5,591302,824003,230578580,1138207,8,4,7084068864,7889530880,58.8,500068036608,15324188672,8466743296,64.4,5090050048,1352400896,79.0,0
542,112578.05,11.4,580559,835287,230581447,1137383,8,4,7036690432,7935803392,59.0,500068036608,15324188672,8466743296,64.4,5090050048,1352400896,79.0,0
541,112580.06,4.1,581502,835262,230582748,1137381,8,4,7040544768,7931764736,59.0,500068036608,15324188672,8466743296,64.4,5090050048,1352400896,79.0,0
541,112582.08,5.9,595794,819779,230584581,1137312,8,4,7098802176,7871660032,58.7,500068036608,15324188672,8466743296,64.4,5090050048,1352400896,79.0,0
541,112584.09,9.1,583870,828372,230587626,1138042,8,4,7052951552,7917088768,58.9,500068036608,15324188672,8466743296,64.4,5090050048,1352400896,79.0,0
541,112586.11,4.0,584863,827385,230588933,1137353,8,4,7054196736,7915302912,58.9,500068036608,15324188672,8466743296,64.4,5090050048,1352400896,79.0,0
541,112588.13,8.3,585676,824806,230592231,1137852,8,4,7059570688,7910203392,58.9,500068036608,15324188672,8466739200,64.4,5090050048,1352400896,79.0,0
541,112590.14,5.6,585865,785642,230593866,1137788,8,4,7060082688,7909888000,58.9,500068036608,15324188672,8466739200,64.4,5090050048,1352400896,79.0,0
543,112592.15,12.6,582196,788242,230601256,1138108,8,4,7046373376,7921688576,59.0,500068036608,15324188672,8466735104,64.4,5090050048,1352400896,79.0,0
549,112594.16,18.4,587917,778066,230615761,1138315,8,4,7070646272,7896924160,58.8,500068036608,15324188672,8466583552,64.4,5090050048,1352400896,79.0,0
550,112596.17,14.1,580892,786043,230624751,1138519,8,4,7042707456,7925313536,59.0,500068036608,15324188672,8466571264,64.4,5090050048,1352400896,79.0,0
549,112598.19,13.4,584221,784719,230636517,1138621,8,4,7056760832,7910252544,58.9,500068036608,15324188672,8466554880,64.4,5022941184,1419509760,78.0,0
548,112600.20,16.0,588173,801917,230646273,1132710,8,4,7048736768,7917088768,59.0,500068036608,15324188672,8477208576,64.4,5022941184,1419509760,78.0,0
547,112602.21,18.4,591467,801861,230658448,1132864,8,4,7062859776,7900426240,58.9,500068036608,15324188672,8476979200,64.4,5022941184,1419509760,78.0,0
547,112604.22,15.4,597819,797305,230665453,1132507,8,4,7087415296,7852236800,58.7,500068036608,15324188672,8480874496,64.4,5022941184,1419509760,78.0,0
547,112606.23,24.4,521743,807979,230679934,1132615,8,4,6776250368,8018579456,60.6,500068036608,15324188672,8480436224,64.4,4821614592,1620836352,74.8,0
547,112608.24,15.2,505280,813941,230696219,1132608,8,4,6708789248,8088322048,60.9,500068036608,15324188672,8480456704,64.4,4821614592,1620836352,74.8,0
546,112610.26,18.0,767624,772310,230720224,1102015,8,4,7658041344,7337578496,55.4,500068036608,15324188672,8480317440,64.4,4754505728,1687945216,73.8,0
546,112612.27,5.1,766128,793471,230720816,1102069,8,4,7652134912,7343513600,55.5,500068036608,15324188672,8480317440,64.4,4754505728,1687945216,73.8,0
546,112614.28,13.2,738906,801101,230725261,1102411,8,4,7542034432,7420944384,56.1,500068036608,15324188672,8480256000,64.4,4687396864,1755054080,72.8,0
547,112616.30,11.0,708359,853961,230755383,1076325,8,4,7310065664,7652052992,57.4,500068036608,15324188672,8480251904,64.4,4687396864,1755054080,72.8,0
547,112618.32,5.8,722288,835421,230757544,1076534,8,4,7367974912,7593959424,57.1,500068036608,15324188672,8480251904,64.4,4687396864,1755054080,72.8,0
547,112620.33,9.8,705988,845632,230758264,1076537,8,4,7301222400,7660511232,57.5,500068036608,15324188672,8480251904,64.4,4687396864,1755054080,72.8,0
547,112622.35,10.6,684677,846973,230758923,1076540,8,4,7213944832,7748853760,58.0,500068036608,15324188672,8480251904,64.4,4687396864,1755054080,72.8,0
547,112624.36,3.0,692744,837812,230759945,1076531,8,4,7246950400,7716372480,57.8,500068036608,15324188672,8480247808,64.4,4687396864,1755054080,72.8,0
547,112626.38,4.4,695836,843162,230764499,1076521,8,4,7259574272,7702564864,57.7,500068036608,15324188672,8480247808,64.4,4687396864,1755054080,72.8,0
545,112628.39,6.9,754068,797345,230767123,1076428,8,4,7497711616,7464693760,56.4,500068036608,15324188672,8480247808,64.4,4687396864,1755054080,72.8,0
545,112630.41,14.7,724080,803700,230784259,1076815,8,4,7376465920,7586398208,57.1,500068036608,15324188672,8479776768,64.4,4687396864,1755054080,72.8,0
545,112632.42,5.7,723172,801271,230786217,1076826,8,4,7372791808,7590555648,57.1,500068036608,15324188672,8479641600,64.4,4687396864,1755054080,72.8,0
545,112634.44,5.1,723431,782759,230787386,1076887,8,4,7374102528,7588593664,57.1,500068036608,15324188672,8479641600,64.4,4687396864,1755054080,72.8,0
541,112636.45,13.1,707574,763569,230790236,1094564,8,4,7381557248,7580209152,57.0,500068036608,15324188672,8479342592,64.4,4687396864,1755054080,72.8,0
541,112638.46,17.5,684709,763648,230790925,1116893,8,4,7379361792,7580971008,57.0,500068036608,15324188672,8479342592,64.4,4687396864,1755054080,72.8,0
541,112640.47,18.8,666564,764646,230792782,1130692,8,4,7361560576,7593115648,57.2,500068036608,15324188672,8479342592,64.4,4687396864,1755054080,72.8,0
541,112642.49,16.4,514593,938872,230800552,1130216,8,4,6737137664,8141545472,60.8,500068036608,15324188672,8475000832,64.4,4553179136,1889271808,70.7,0
542,112644.50,25.9,489535,939689,230814328,1136618,8,4,6660722688,8172204032,61.2,500068036608,15324188672,8475484160,64.4,4519624704,1922826240,70.2,0
542,112646.51,17.4,465346,928067,230823755,1150666,8,4,6619185152,8210251776,61.5,500068036608,15324188672,8472580096,64.4,4458807296,1983643648,69.2,0
539,112648.52,13.8,463393,927714,230827905,1151233,8,4,6613508096,8214323200,61.5,500068036608,15324188672,8472932352,64.4,4459069440,909639680,83.1,0
540,112650.53,18.1,455359,924365,230835948,1152985,8,4,6587777024,8237785088,61.7,500068036608,15324188672,9546944512,61.6,4459069440,909639680,83.1,0
543,112652.54,19.0,441305,926506,230844492,1157848,8,4,6550130688,8272322560,61.9,500068036608,15324188672,9546240000,61.6,4459069440,909639680,83.1,0
541,112654.55,16.3,423400,925983,230846121,1174018,8,4,6543024128,8278904832,61.9,500068036608,15324188672,9538113536,61.6,4459069440,909639680,83.1,0
544,112656.56,27.8,379933,933506,230875313,1187700,8,4,6421024768,8397967360,62.6,500068036608,15324188672,9537937408,61.6,4459069440,909639680,83.1,0
544,112658.58,16.3,370483,938056,230887896,1197450,8,4,6422253568,8395833344,62.6,500068036608,15324188672,9529335808,61.7,4459069440,909639680,83.1,0
547,112660.60,24.1,324272,937088,230928642,1208065,8,4,6276567040,8538832896,63.5,500068036608,15324188672,9526489088,61.7,4459069440,909639680,83.1,0
548,112662.62,39.2,272065,836208,230996776,1218699,8,4,6106169344,8706023424,64.5,500068036608,15324188672,9525788672,61.7,4391960576,976748544,81.8,0
551,112664.63,26.9,236670,825331,231049592,1220199,8,4,5967335424,8830406656,65.3,500068036608,15324188672,9525161984,61.7,4358406144,1010302976,81.2,0
551,112666.64,15.3,227800,772229,231060792,1221979,8,4,5938302976,8866099200,65.4,500068036608,15324188672,9524924416,61.7,4324851712,1043857408,80.6,0
551,112668.66,9.5,231462,769117,231062782,1222086,8,4,5953732608,8849985536,65.3,500068036608,15324188672,9524826112,61.7,4324851712,1043857408,80.6,0
551,112670.67,22.8,277571,778762,231125150,1223332,8,4,6147698688,8940584960,64.2,500068036608,15324188672,9523224576,61.7,4324851712,1043857408,80.6,0
551,112672.68,17.8,277537,781203,231131130,1221491,8,4,6140018688,8948207616,64.3,500068036608,15324188672,9523060736,61.7,4324851712,1043857408,80.6,0
551,112674.70,18.0,253875,791274,231159934,1221558,8,4,6043373568,9044348928,64.8,500068036608,15324188672,9522831360,61.7,4324851712,1043857408,80.6,0
551,112676.71,22.3,246842,798145,231177474,1221696,8,4,6015131648,9071595520,65.0,500068036608,15324188672,9523027968,61.7,4324851712,1043857408,80.6,0
551,112678.73,19.2,245790,789308,231179162,1221720,8,4,6010920960,9075044352,65.0,500068036608,15324188672,9522798592,61.7,4324851712,1043857408,80.6,0
552,112680.75,19.2,242295,760204,231180315,1231951,8,4,6038511616,9047486464,64.9,500068036608,15324188672,9522782208,61.7,4324851712,1043857408,80.6,0
552,112682.76,20.7,247212,749535,231182111,1234929,8,4,6070849536,9014579200,64.7,500068036608,15324188672,9522769920,61.7,4324851712,1043857408,80.6,0
551,112684.78,18.8,254262,749524,231182507,1234829,8,4,6099316736,8986177536,64.5,500068036608,15324188672,9522769920,61.7,4324851712,1043857408,80.6,0
551,112686.79,19.1,254966,747959,231182873,1234850,8,4,6102286336,8983973888,64.5,500068036608,15324188672,9522769920,61.7,4324851712,1043857408,80.6,0
550,112688.81,18.8,254029,747818,231184751,1234853,8,4,6098460672,8987455488,64.5,500068036608,15324188672,9522757632,61.7,4324851712,1043857408,80.6,0
550,112690.82,18.0,247765,748182,231191348,1234997,8,4,6073393152,9012432896,64.6,500068036608,15324188672,9522753536,61.7,4324851712,1043857408,80.6,0
551,112692.83,21.1,243394,748298,231202400,1237213,8,4,6064566272,9021235200,64.7,500068036608,15324188672,9522872320,61.7,4324851712,1043857408,80.6,0
551,112694.85,21.6,242328,740236,231205357,1241830,8,4,6079111168,9006686208,64.6,500068036608,15324188672,9522868224,61.7,4324851712,1043857408,80.6,0
551,112696.87,19.6,242082,731569,231206128,1243562,8,4,6085197824,9000321024,64.6,500068036608,15324188672,9522864128,61.7,4324851712,1043857408,80.6,0
550,112698.88,20.0,245974,730869,231206609,1245075,8,4,6107336704,8977833984,64.5,500068036608,15324188672,9522864128,61.7,4324851712,1043857408,80.6,0
550,112700.90,18.8,254707,730895,231207047,1243695,8,4,6137454592,8948097024,64.3,500068036608,15324188672,9522864128,61.7,4324851712,1043857408,80.6,0
551,112702.91,21.6,244313,736884,231223201,1242146,8,4,6088536064,8996192256,64.6,500068036608,15324188672,9521582080,61.7,4324851712,1043857408,80.6,0
551,112704.92,19.0,244407,728715,231223814,1246686,8,4,6107516928,8977731584,64.4,500068036608,15324188672,9521582080,61.7,4324851712,1043857408,80.6,0
551,112706.94,19.7,244338,728797,231224217,1246602,8,4,6106890240,8978583552,64.5,500068036608,15324188672,9521475584,61.7,4324851712,1043857408,80.6,0
551,112708.95,19.4,244160,728798,231224575,1246584,8,4,6106087424,8978690048,64.5,500068036608,15324188672,9521475584,61.7,4324851712,1043857408,80.6,0
551,112710.97,19.8,244090,728800,231225363,1246571,8,4,6105747456,8979165184,64.5,500068036608,15324188672,9521475584,61.7,4324851712,1043857408,80.6,0
551,112712.99,20.3,248926,733329,231226463,1246186,8,4,6123978752,8960778240,64.4,500068036608,15324188672,9521475584,61.7,4324851712,1043857408,80.6,0
551,112715.00,20.5,249144,729353,231227100,1245403,8,4,6121664512,8963272704,64.4,500068036608,15324188672,9521475584,61.7,4324851712,1043857408,80.6,0
551,112717.01,19.6,249239,729354,231227437,1245404,8,4,6122057728,8963379200,64.4,500068036608,15324188672,9521475584,61.7,4324851712,1043857408,80.6,0
551,112719.03,19.5,249204,729356,231227765,1245392,8,4,6121865216,8962908160,64.4,500068036608,15324188672,9521475584,61.7,4324851712,1043857408,80.6,0
551,112721.04,18.8,244499,737396,231232624,1242641,8,4,6091325440,8992694272,64.5,500068036608,15324188672,9521467392,61.7,4324851712,1043857408,80.6,0
551,112723.05,20.7,244315,737190,231233008,1242080,8,4,6088273920,8995606528,64.6,500068036608,15324188672,9521467392,61.7,4324851712,1043857408,80.6,0
551,112725.07,19.4,244196,733143,231233423,1243319,8,4,6092861440,8991014912,64.5,500068036608,15324188672,9521467392,61.7,4324851712,1043857408,80.6,0
551,112727.08,20.0,244030,733145,231234286,1244206,8,4,6095814656,8987901952,64.5,500068036608,15324188672,9521446912,61.7,4324851712,1043857408,80.6,0
551,112729.09,20.9,242343,733654,231236193,1245397,8,4,6093783040,8989741056,64.5,500068036608,15324188672,9521446912,61.7,4324851712,1043857408,80.6,0
551,112731.11,19.6,246206,733656,231236563,1243228,8,4,6100721664,8983400448,64.5,500068036608,15324188672,9521446912,61.7,4324851712,1043857408,80.6,0
550,112733.12,19.8,252003,733282,231237354,1243211,8,4,6124396544,8958763008,64.4,500068036608,15324188672,9521463296,61.7,4324851712,1043857408,80.6,0
550,112735.14,21.0,251402,733290,231239396,1243212,8,4,6121938944,8960921600,64.4,500068036608,15324188672,9521446912,61.7,4324851712,1043857408,80.6,0
550,112737.16,16.6,250420,733296,231243001,1243049,8,4,6117249024,8964612096,64.4,500068036608,15324188672,9521446912,61.7,4324851712,1043857408,80.6,0
549,112739.17,16.2,256043,733321,231256227,1240941,8,4,6131646464,8950185984,64.3,500068036608,15324188672,9521446912,61.7,4324851712,1043857408,80.6,0
551,112741.18,14.9,247287,743290,231279369,1238637,8,4,6086344704,8995651584,64.6,500068036608,15324188672,9521438720,61.7,4324851712,1043857408,80.6,0
551,112743.20,16.7,192714,862721,231292126,1239060,8,4,5864546304,9217200128,65.9,500068036608,15324188672,9521270784,61.7,4324851712,1043857408,80.6,0
550,112745.21,13.5,189793,867650,231295871,1238680,8,4,5851025408,9229672448,65.9,500068036608,15324188672,9520898048,61.7,4324851712,1043857408,80.6,0
550,112747.22,8.8,247157,810589,231299526,1238032,8,4,6083334144,8997515264,64.6,500068036608,15324188672,9520590848,61.7,4324851712,1043857408,80.6,0
550,112749.24,10.5,244379,801985,231303940,1237847,8,4,6071197696,9010028544,64.7,500068036608,15324188672,9520590848,61.7,4324851712,1043857408,80.6,0
550,112751.25,7.3,244656,801976,231304323,1237796,8,4,6072123392,9008738304,64.7,500068036608,15324188672,9520586752,61.7,4324851712,1043857408,80.6,0
550,112753.27,10.7,244282,802990,231311904,1237209,8,4,6068187136,9012756480,64.7,500068036608,15324188672,9520926720,61.7,4324851712,1043857408,80.6,0
550,112755.28,8.5,243229,803055,231313602,1237209,8,4,6063874048,9017094144,64.7,500068036608,15324188672,9520922624,61.7,4324851712,1043857408,80.6,0
550,112757.30,9.1,244140,798495,231314451,1237175,8,4,6067466240,9013358592,64.7,500068036608,15324188672,9520922624,61.7,4324851712,1043857408,80.6,0
550,112759.31,10.9,247506,800159,231319069,1236898,8,4,6080118784,9001971712,64.6,500068036608,15324188672,9520918528,61.7,4324851712,1043857408,80.6,0
550,112761.33,8.5,246614,794211,231320604,1236901,8,4,6076477440,9004224512,64.6,500068036608,15324188672,9520918528,61.7,4324851712,1043857408,80.6,0
550,112763.34,4.7,246657,743649,231320963,1253348,8,4,6144020480,8936509440,64.2,500068036608,15324188672,9520918528,61.7,4324851712,1043857408,80.6,0
553,112765.36,15.0,233590,730003,231367914,1265074,8,4,6138527744,8942055424,64.3,500068036608,15324188672,9520877568,61.7,4324851712,1043857408,80.6,0
554,112767.37,10.5,239743,719812,231371514,1269807,8,4,6183116800,8895471616,64.0,500068036608,15324188672,9520644096,61.7,4324851712,1043857408,80.6,0
555,112769.39,30.0,138262,752368,231408113,1335661,8,4,6037188608,9042726912,64.9,500068036608,15324188672,9520627712,61.7,4324851712,1043857408,80.6,0
555,112771.40,17.0,134621,755232,231414059,1335727,8,4,6022545408,9056575488,64.9,500068036608,15324188672,9520623616,61.7,4324851712,1043857408,80.6,0
557,112773.42,56.6,37226,811175,231622198,1399375,8,4,5884317696,9194635264,65.7,500068036608,15324188672,9515220992,61.7,4324851712,1043857408,80.6,0
557,112775.45,94.1,35419,811145,231626656,1401109,8,4,5884018688,9193222144,65.8,500068036608,15324188672,9500061696,61.7,4324851712,1043857408,80.6,1
556,112777.48,96.5,48364,794321,231631083,1403982,8,4,5948809216,9127825408,65.4,500068036608,15324188672,9485545472,61.8,4324851712,1043857408,80.6,1
557,112779.50,98.8,53357,794284,231633616,1400658,8,4,5955645440,9121071104,65.3,500068036608,15324188672,9474908160,61.8,4324851712,1043857408,80.6,1
557,112781.53,99.0,89872,794226,231639275,1384021,8,4,6037065728,9039200256,64.9,500068036608,15324188672,9463087104,61.8,4324851712,1043857408,80.6,1
557,112783.56,95.3,75261,794057,231680903,1388727,8,4,5996494848,9079734272,65.1,500068036608,15324188672,9453797376,61.8,4324851712,1043857408,80.6,1
567,112785.59,99.4,107671,792693,231686944,1373121,8,4,6065324032,9010962432,64.7,500068036608,15324188672,9444118528,61.9,4324851712,1043857408,80.6,1
567,112787.61,98.3,65419,793732,231740814,1394520,8,4,5979910144,9095860224,65.2,500068036608,15324188672,9432793088,61.9,4324851712,1043857408,80.6,1
567,112789.64,99.0,70361,772239,231777633,1396523,8,4,6008356864,9068568576,65.0,500068036608,15324188672,9422860288,61.9,4324851712,1043857408,80.6,1
567,112791.68,99.2,90018,766168,231792222,1393607,8,4,6076928000,8999223296,64.6,500068036608,15324188672,9412603904,61.9,4324851712,1043857408,80.6,1
567,112793.71,99.2,96290,753432,231800660,1399046,8,4,6124920832,8951148544,64.3,500068036608,15324188672,9401647104,62.0,4324851712,1043857408,80.6,1
567,112795.72,34.5,130503,740566,231803962,1386439,8,4,6213394432,8861319168,63.8,500068036608,15324188672,9281114112,62.3,4324851712,1043857408,80.6,0
565,112797.73,11.0,209309,705403,231809374,1351292,8,4,6392221696,8679059456,62.8,500068036608,15324188672,9400426496,62.0,4324851712,1043857408,80.6,0
565,112799.75,5.7,207771,710016,231812622,1351189,8,4,6385500160,8683995136,62.8,500068036608,15324188672,9400201216,62.0,4324851712,1043857408,80.6,0
565,112801.76,6.1,207939,705429,231813980,1351030,8,4,6385537024,8685105152,62.8,500068036608,15324188672,9400184832,62.0,4324851712,1043857408,80.6,0
568,112803.77,13.6,210427,712434,231825208,1337376,8,4,6339907584,8729092096,63.1,500068036608,15324188672,9399930880,62.0,4324851712,1043857408,80.6,0
573,112805.78,24.1,185927,716447,231846557,1341645,8,4,6256934912,8799928320,63.6,500068036608,15324188672,9399439360,62.0,4324851712,1043857408,80.6,0
574,112807.79,21.4,185613,716962,231854175,1336191,8,4,6233309184,8811864064,63.7,500068036608,15324188672,9403109376,62.0,4324851712,1043857408,80.6,0
574,112809.81,10.4,184830,718652,231860589,1335834,8,4,6228639744,8816238592,63.7,500068036608,15324188672,9403109376,62.0,4324851712,1043857408,80.6,0
579,112811.83,20.6,145927,722504,231879320,1335927,8,4,6069661696,8969748480,64.7,500068036608,15324188672,9403383808,62.0,4324851712,1043857408,80.6,0
583,112813.84,50.7,66422,723987,231988220,1409474,8,4,6045270016,8993697792,64.8,500068036608,15324188672,9447219200,61.9,4324851712,1043857408,80.6,0
585,112815.86,51.3,55255,730276,232069549,1416619,8,4,6028795904,9006231552,64.9,500068036608,15324188672,9421770752,61.9,4324851712,1043857408,80.6,0
586,112817.87,24.9,46818,731410,232113714,1426577,8,4,6034501632,8984821760,64.9,500068036608,15324188672,9421000704,61.9,4291297280,1077411840,79.9,0
584,112819.89,34.7,91035,733447,232124541,1377806,8,4,6016372736,9006952448,65.0,500068036608,15324188672,9514872832,61.7,4291297280,1077411840,79.9,0
586,112821.91,44.0,83832,734403,232169076,1383840,8,4,6011584512,9007874048,65.0,500068036608,15324188672,9515515904,61.7,4291297280,1077411840,79.9,0
588,112823.96,47.5,44574,738333,232221660,1419820,8,4,5998157824,9009229824,65.1,500068036608,15324188672,9514659840,61.7,4291297280,1077411840,79.9,0
591,112825.97,21.1,29385,742713,232245091,1432339,8,4,5987221504,9018912768,65.1,500068036608,15324188672,9513787392,61.7,4257742848,1110966272,79.3,0
591,112827.98,33.2,17367,741455,232264895,1445055,8,4,5990080512,9012285440,65.1,500068036608,15324188672,9513152512,61.7,4257742848,1110966272,79.3,0
592,112829.99,30.7,15833,741433,232298887,1438674,8,4,5957660672,8981221376,65.3,500068036608,15324188672,9511612416,61.7,4257742848,1110966272,79.3,0
592,112832.01,11.0,18748,735903,232300139,1439953,8,4,5974839296,8964497408,65.2,500068036608,15324188672,9514491904,61.7,4257742848,1110966272,79.3,0
591,112834.02,8.5,21629,732440,232301587,1440695,8,4,5989679104,8950497280,65.1,500068036608,15324188672,9513934848,61.7,4257742848,1110966272,79.3,0
592,112836.03,8.7,20149,726559,232303968,1443356,8,4,5994500096,8944861184,65.1,500068036608,15324188672,9513693184,61.7,4257742848,1110966272,79.3,0
590,112838.05,80.0,17562,737230,232385321,1432778,8,4,5940592640,8948187136,65.4,500068036608,15324188672,9513271296,61.7,4257742848,1110966272,79.3,1
595,112840.07,64.4,24097,741496,232467262,1411180,8,4,5878894592,8903639040,65.8,500068036608,15324188672,9512669184,61.7,4257742848,1110966272,79.3,1
597,112842.10,88.9,20937,742867,232567408,1407850,8,4,5852311552,8885571584,65.9,500068036608,15324188672,9511124992,61.7,4257742848,1110966272,79.3,1
598,112844.13,72.3,18213,745760,232648622,1408085,8,4,5842116608,8876503040,66.0,500068036608,15324188672,9508855808,61.7,4257742848,1110966272,79.3,1
598,112846.15,89.4,20486,745006,232700160,1403981,8,4,5834637312,8870338560,66.0,500068036608,15324188672,9507999744,61.7,4257742848,1110966272,79.3,1
598,112848.17,61.1,19901,746222,232730665,1401392,8,4,5821616128,8843194368,66.1,500068036608,15324188672,9506607104,61.7,4257742848,1110966272,79.3,1
595,112850.19,52.7,34156,742515,232759113,1383456,8,4,5806538752,8824246272,66.2,500068036608,15324188672,9497755648,61.7,4257742848,1110966272,79.3,0
598,112852.25,66.8,13760,743306,232813673,1400853,8,4,5794279424,8823816192,66.3,500068036608,15324188672,9499197440,61.7,4257742848,1110966272,79.3,1
599,112854.28,79.0,26335,748611,232898985,1391338,8,4,5806804992,8803643392,66.2,500068036608,15324188672,9500147712,61.7,4257742848,1110966272,79.3,1
599,112856.30,72.2,15770,750485,232974613,1389836,8,4,5757362176,8814841856,66.5,500068036608,15324188672,9493336064,61.7,4257742848,1110966272,79.3,1
601,112858.33,80.1,17683,752010,233030534,1386814,8,4,5752823808,8822587392,66.5,500068036608,15324188672,9492586496,61.7,4257742848,1110966272,79.3,1
600,112860.36,91.9,20780,750855,233092967,1379480,8,4,5735464960,8791068672,66.6,500068036608,15324188672,9492205568,61.8,4257742848,1110966272,79.3,1
604,112862.38,85.2,76058,749293,233202935,1312486,8,4,5687476224,8743809024,66.9,500068036608,15324188672,9480798208,61.8,4257742848,1110966272,79.3,1
605,112864.41,73.1,28824,749499,233246087,1358547,8,4,5682671616,8723554304,66.9,500068036608,15324188672,9480273920,61.8,4257742848,1110966272,79.3,1
606,112866.43,85.8,58899,749876,233285469,1315670,8,4,5630238720,8681623552,67.2,500068036608,15324188672,9479995392,61.8,4257742848,1110966272,79.3,1
606,112868.46,85.7,77429,748919,233327255,1289170,8,4,5597675520,8649609216,67.4,500068036608,15324188672,9479987200,61.8,4257742848,1110966272,79.3,1
606,112870.49,96.3,75412,754430,233360984,1281883,8,4,5559480320,8635289600,67.6,500068036608,15324188672,9479413760,61.8,4257742848,1110966272,79.3,1
607,112872.51,99.3,31235,773237,233416827,1314608,8,4,5512572928,8666554368,67.9,500068036608,15324188672,9473748992,61.8,4257742848,1110966272,79.3,1
607,112874.54,94.8,29231,781298,233452971,1306867,8,4,5472653312,8661704704,68.1,500068036608,15324188672,9474592768,61.8,4257742848,1110966272,79.3,1
608,112876.57,98.6,61053,781765,233482332,1277536,8,4,5481947136,8656388096,68.1,500068036608,15324188672,9474211840,61.8,4258004992,1110704128,79.3,1
611,112878.60,99.1,72256,781522,233564450,1256528,8,4,5442695168,8623931392,68.3,500068036608,15324188672,9472905216,61.8,4267704320,1101004800,79.5,1
611,112880.63,98.7,50618,781502,233610535,1276000,8,4,5433827328,8622583808,68.4,500068036608,15324188672,9472724992,61.8,4285792256,1082916864,79.8,1
610,112882.65,98.6,11436,782704,233669729,1313129,8,4,5425418240,8621109248,68.4,500068036608,15324188672,9472450560,61.8,4288937984,1079771136,79.9,1
610,112884.67,86.4,10924,782638,233697091,1313026,8,4,5422899200,8614838272,68.4,500068036608,15324188672,9471778816,61.8,4291297280,1077411840,79.9,1
612,112886.71,93.4,39009,782510,233735048,1271028,8,4,5365919744,8557432832,68.8,500068036608,15324188672,9470599168,61.8,4298375168,1070333952,80.1,1
611,112888.73,96.8,42699,783651,233786096,1255741,8,4,5318410240,8513445888,69.0,500068036608,15324188672,9467871232,61.8,4298375168,1070333952,80.1,1
612,112890.79,91.1,25751,811880,233868927,1243086,8,4,5197156352,8510369792,69.7,500068036608,15324188672,9464061952,61.8,4301520896,1067188224,80.1,1
612,112892.82,87.0,17197,917559,233925140,1173247,8,4,4876058624,8618930176,71.6,500068036608,15324188672,9462956032,61.8,4301520896,1067188224,80.1,1
612,112894.84,86.5,14970,911771,233978717,1170785,8,4,4856852480,8576897024,71.7,500068036608,15324188672,9461309440,61.8,4303880192,1064828928,80.2,1
612,112896.86,94.1,17855,916834,234134797,1137691,8,4,4733116416,8470016000,72.4,500068036608,15324188672,9453453312,61.8,4303880192,1064828928,80.2,1
612,112898.90,96.9,107883,872218,234319531,1008770,8,4,4573941760,8133009408,73.4,500068036608,15324188672,9095356416,62.8,4303880192,1064828928,80.2,1
613,112900.93,98.0,110081,851951,234414285,1010002,8,4,4588126208,8048242688,73.3,500068036608,15324188672,8858648576,63.4,4305190912,1063518208,80.2,1
613,112902.95,94.1,112925,853168,234477489,1010575,8,4,4601860096,8085929984,73.2,500068036608,15324188672,8774922240,63.6,4273209344,1095499776,79.6,1
613,112905.07,92.3,56056,935143,234591153,1020836,8,4,4410953728,8227131392,74.3,500068036608,15324188672,8691580928,63.8,4276617216,1092091904,79.7,1
613,112907.10,89.1,64041,932270,234614148,1010400,8,4,4400992256,8201138176,74.4,500068036608,15324188672,8591773696,64.1,4276617216,1092091904,79.7,1
612,112909.13,89.9,126984,939481,234642875,986305,8,4,4560031744,8116985856,73.5,500068036608,15324188672,8687316992,63.8,4276617216,1092091904,79.7,1
612,112911.15,89.3,70493,939157,234706068,1011721,8,4,4432748544,8258629632,74.2,500068036608,15324188672,8624136192,64.0,4279500800,1089208320,79.7,1
612,112913.17,73.3,49179,914514,234746756,1045560,8,4,4484055040,8213975040,73.9,500068036608,15324188672,8544804864,64.2,4279500800,1089208320,79.7,1
612,112915.20,64.1,204792,912832,234779708,964926,8,4,4791164928,7902310400,72.1,500068036608,15324188672,8829280256,63.4,4279500800,1089208320,79.7,1
612,112917.23,76.6,159691,941450,234830552,974222,8,4,4644507648,8069623808,73.0,500068036608,15324188672,8828608512,63.4,4284481536,1084227584,79.8,1
612,112919.25,52.2,121435,972997,234858477,980443,8,4,4513292288,8202330112,73.7,500068036608,15324188672,8828239872,63.4,4284481536,1084227584,79.8,0
612,112921.27,49.8,92827,977870,234891323,992970,8,4,4447424512,8275484672,74.1,500068036608,15324188672,8828399616,63.4,4286316544,1082392576,79.8,0
612,112923.29,64.7,97148,938929,234952292,1012104,8,4,4543631360,8182566912,73.6,500068036608,15324188672,8825507840,63.5,4286316544,1082392576,79.8,1
612,112925.31,72.6,91283,863872,235000633,1042338,8,4,4643389440,8087142400,73.0,500068036608,15324188672,8824737792,63.5,4289200128,1079508992,79.9,1
611,112927.33,61.3,28611,842378,235071072,1107030,8,4,4651585536,8091734016,72.9,500068036608,15324188672,8821403648,63.5,4289200128,1079508992,79.9,1
611,112929.35,75.1,10377,854249,235162824,1111108,8,4,4593053696,8080891904,73.3,500068036608,15324188672,8820133888,63.5,4291821568,1076887552,79.9,1
611,112931.36,65.2,9377,865446,235201583,1099938,8,4,4543754240,8075554816,73.6,500068036608,15324188672,8814559232,63.5,4291821568,1076887552,79.9,1
610,112933.40,67.5,7751,884137,235227545,1089980,8,4,4496232448,8106897408,73.8,500068036608,15324188672,8810557440,63.5,4293918720,1074790400,80.0,1
611,112935.43,70.4,8403,890936,235269246,1083139,8,4,4470956032,8109096960,74.0,500068036608,15324188672,8805404672,63.5,4295753728,1072955392,80.0,1
611,112937.45,69.1,20413,894962,235287997,1077741,8,4,4498038784,8105046016,73.8,500068036608,15324188672,8803409920,63.5,4337172480,1031536640,80.8,1
611,112939.47,53.2,67415,895509,235314327,1081156,8,4,4704546816,8125370368,72.6,500068036608,15324188672,8802189312,63.5,4557111296,811597824,84.9,0
611,112941.49,47.0,66414,893708,235338919,1084082,8,4,4712431616,8124563456,72.6,500068036608,15324188672,8809656320,63.5,4562354176,806354944,85.0,0
611,112943.51,44.4,108912,831383,235355926,1104116,8,4,4968562688,7909085184,71.1,500068036608,15324188672,8808701952,63.5,4590403584,778305536,85.5,0
607,112945.53,40.9,89994,845330,235378985,1108722,8,4,4909940736,7995609088,71.4,500068036608,15324188672,8808038400,63.5,4613210112,755499008,85.9,0
603,112947.54,50.8,163427,894273,235390300,1063510,8,4,5025533952,8300896256,70.7,500068036608,15324188672,8807583744,63.5,5029756928,338952192,93.7,0
600,112949.56,44.1,225192,921234,235406713,1061837,8,4,5271654400,8410873856,69.3,500068036608,15324188672,7737536512,66.4,5376835584,1065615360,83.5,0
601,112951.58,48.5,304615,873221,235425163,1058340,8,4,5582663680,8205471744,67.5,500068036608,15324188672,7736647680,66.5,5480382464,962068480,85.1,0
602,112953.60,72.9,289786,873754,235452898,1068285,8,4,5562658816,8236232704,67.6,500068036608,15324188672,7734943744,66.5,5486411776,956039168,85.2,1
602,112955.62,92.3,289888,860880,235468991,1073287,8,4,5583564800,8227495936,67.5,500068036608,15324188672,7731515392,66.5,5494538240,947912704,85.3,1
603,112957.68,93.7,280418,857825,235493182,1079305,8,4,5569425408,8249192448,67.6,500068036608,15324188672,7728054272,66.5,5502664704,939786240,85.4,1
603,112959.70,90.6,268714,859662,235513870,1084083,8,4,5541056512,8281681920,67.7,500068036608,15324188672,7724810240,66.5,5505548288,936902656,85.5,1
601,112961.72,94.2,291662,865058,235537080,1076272,8,4,5603057664,8240345088,67.4,500068036608,15324188672,7721558016,66.5,5511839744,930611200,85.6,1
601,112963.75,89.1,254423,866857,235564682,1085000,8,4,5486292992,8328929280,68.1,500068036608,15324188672,7719055360,66.5,5342756864,1099694080,82.9,1
598,112965.78,87.7,275830,865583,235595199,1088120,8,4,5586739200,8251367424,67.5,500068036608,15324188672,7716085760,66.5,5345116160,1097334784,83.0,1
598,112967.80,91.3,267722,876063,235621375,1084946,8,4,5540528128,8302624768,67.7,500068036608,15324188672,7713861632,66.5,5347213312,1095237632,83.0,1
595,112969.83,81.0,267123,841881,235642743,1080997,8,4,5521899520,8323870720,67.9,500068036608,15324188672,7711105024,66.5,5350096896,1092354048,83.0,1
593,112971.84,72.3,258034,812100,235668008,1107575,8,4,5593534464,8268443648,67.4,500068036608,15324188672,7721549824,66.5,5350096896,1092354048,83.0,1
589,112973.86,51.4,912916,774263,235691181,813462,8,4,7071244288,6925176832,58.8,500068036608,15324188672,7686275072,66.6,5355077632,1087373312,83.1,0
587,112975.88,65.0,926068,768786,235933965,836767,8,4,7220572160,7024103424,58.0,500068036608,15324188672,7658741760,66.7,5567152128,875298816,86.4,1
591,112977.89,51.8,934869,781050,236128370,822629,8,4,7198711808,7051395072,58.1,500068036608,15324188672,7631855616,66.8,5575016448,867434496,86.5,0
591,112979.92,32.1,947810,782041,236154866,825519,8,4,7263596544,7106023424,57.7,500068036608,15324188672,7631327232,66.8,5615386624,827064320,87.2,0
587,112981.93,37.0,1155396,756699,236169762,844692,8,4,8192360448,6504759296,52.3,500068036608,15324188672,7631163392,66.8,5706350592,736100352,88.6,0
587,112983.94,18.8,1251702,757314,236183973,844551,8,4,8586252288,6553038848,50.0,500068036608,15324188672,6563737600,70.0,6176636928,265814016,95.9,0
584,112985.96,14.2,1349972,755715,236194307,845930,8,4,8994414592,6568890368,47.6,500068036608,15324188672,6560096256,70.0,6561202176,954990592,87.3,0
584,112987.97,18.8,1402334,756922,236206841,847488,8,4,9215270912,6570356736,46.4,500068036608,15324188672,6563778560,70.0,6799491072,716701696,90.5,0
582,112989.98,15.9,1462588,759160,236213443,845585,8,4,9454276608,6567563264,45.0,500068036608,15324188672,6572253184,70.0,7053508608,462684160,93.8,0
582,112992.00,14.0,1505638,760118,236227667,847422,8,4,9638133760,6593880064,43.9,500068036608,15324188672,6410080256,70.5,7249068032,267124736,96.4,0
580,112994.01,21.0,1499864,756127,236242851,849046,8,4,9621135360,6577102848,44.0,500068036608,15324188672,5494222848,73.6,7175667712,1414266880,83.5,0
576,112996.02,22.1,1439411,759505,236257539,850372,8,4,9378951168,6635671552,45.4,500068036608,15324188672,5493084160,73.6,6975913984,1614020608,81.2,0
576,112998.03,16.5,1423287,757938,236265227,848178,8,4,9303924736,6666960896,45.8,500068036608,15324188672,5497102336,73.6,6950223872,1639710720,80.9,0
559,113000.05,21.3,1286865,948500,236281791,801003,8,4,8551907328,7450415104,50.2,500068036608,15324188672,5496168448,73.6,6679166976,1910767616,77.8,0
559,113002.06,16.9,1234803,984912,236299387,804493,8,4,8352956416,7611531264,51.4,500068036608,15324188672,6570508288,70.0,6576406528,939786240,87.5,0
559,113004.07,15.2,1181935,1031693,236317326,789585,8,4,8075345920,7870533632,53.0,500068036608,15324188672,6566318080,70.0,6576406528,939786240,87.5,0
560,113006.09,18.2,1176418,1030491,236342147,792637,8,4,8065249280,7869935616,53.1,500068036608,15324188672,6551863296,70.1,6576406528,939786240,87.5,0
567,113008.10,28.4,1141646,1057186,236384267,779504,8,4,7869030400,8020713472,54.2,500068036608,15324188672,6551851008,70.1,6509297664,1006895104,86.6,0
576,113010.12,30.9,1120628,1065834,236426804,779003,8,4,7780888576,8087408640,54.7,500068036608,15324188672,6551552000,70.1,6475743232,1040449536,86.2,0
576,113012.14,30.0,1078446,1052929,236506882,792090,8,4,7661715456,8198565888,55.4,500068036608,15324188672,6557966336,70.0,6475743232,1040449536,86.2,0
587,113014.15,27.0,1035309,1055571,236578453,820627,8,4,7601913856,8236081152,55.8,500068036608,15324188672,6556893184,70.0,6475743232,1040449536,86.2,0
579,113016.16,39.2,981421,1051902,236665295,839088,8,4,7456804864,8377651200,56.6,500068036608,15324188672,6556893184,70.0,6475743232,1040449536,86.2,0
577,113018.18,46.2,1096022,1051463,236924580,811666,8,4,7813890048,8015712256,54.5,500068036608,15324188672,6556758016,70.0,6475743232,1040449536,86.2,0
569,113020.19,25.4,1111726,1031746,236953355,791823,8,4,7796936704,8015233024,54.6,500068036608,15324188672,6543507456,70.1,6442188800,1074003968,85.7,0
571,113022.21,22.4,1065699,1018640,236972017,796550,8,4,7627784192,8117415936,55.6,500068036608,15324188672,6543056896,70.1,6408634368,1107558400,85.3,0
574,113024.22,42.4,1027379,1012427,237008442,814454,8,4,7544147968,8172789760,56.1,500068036608,15324188672,6546038784,70.1,6375079936,1141112832,84.8,0
575,113026.23,20.2,1000903,907542,237013828,874485,8,4,7681589248,8029011968,55.3,500068036608,15324188672,6544969728,70.1,6341525504,1174667264,84.4,0
575,113028.25,16.9,978550,892586,237017802,889701,8,4,7652356096,8036016128,55.5,500068036608,15324188672,6544171008,70.1,6341525504,1174667264,84.4,0
576,113030.26,27.9,966011,887774,237038717,897744,8,4,7633940480,8049541120,55.6,500068036608,15324188672,6541324288,70.1,6274416640,1241776128,83.5,0
578,113032.28,24.6,959888,836457,237059440,923650,8,4,7714971648,7966494720,55.1,500068036608,15324188672,6538698752,70.1,6274416640,1241776128,83.5,0
575,113034.29,26.4,982919,837771,237079995,917922,8,4,7785844736,7884726272,54.7,500068036608,15324188672,6536249344,70.1,6240862208,1275330560,83.0,0
575,113036.31,25.8,972747,838303,237094234,918065,8,4,7744765952,7919206400,54.9,500068036608,15324188672,6530920448,70.1,6240862208,1275330560,83.0,0
573,113038.32,21.9,990747,809948,237112761,915551,8,4,7808196608,7876087808,54.6,500068036608,15324188672,6524825600,70.1,6207307776,1308884992,82.6,0
573,113040.34,18.1,958521,851775,237135094,900139,8,4,7613071360,8082137088,55.7,500068036608,15324188672,6516068352,70.2,6207307776,1308884992,82.6,0
574,113042.35,24.0,952718,854514,237140980,905593,8,4,7611641856,8078073856,55.7,500068036608,15324188672,6523736064,70.1,6207307776,1308884992,82.6,0
576,113044.37,27.1,910732,854556,237160784,914115,8,4,7474573312,8161845248,56.5,500068036608,15324188672,6537314304,70.1,6140198912,1375993856,81.7,0
578,113046.38,27.7,883951,891171,237177140,911183,8,4,7352868864,8269672448,57.2,500068036608,15324188672,6536974336,70.1,6140198912,1375993856,81.7,0
579,113048.40,14.2,867014,899890,237183510,911365,8,4,7284240384,8332582912,57.6,500068036608,15324188672,6536667136,70.1,6140198912,1375993856,81.7,0
577,113050.41,11.3,867646,899349,237195966,912888,8,4,7293067264,8318787584,57.5,500068036608,15324188672,6536675328,70.1,6140198912,1375993856,81.7,0
577,113052.43,17.6,888786,868896,237214146,912832,8,4,7379439616,8219910144,57.0,500068036608,15324188672,6536142848,70.1,6073090048,1443102720,80.8,0
577,113054.44,15.5,881576,872100,237220286,911105,8,4,7342821376,8252600320,57.3,500068036608,15324188672,6535831552,70.1,6073090048,1443102720,80.8,0
596,111451.27,16.7,452655,801193,226124888,1326302,8,4,7286607872,8888397824,57.6,500068036608,15324188672,5207552000,74.6,8185708544,1477967872,84.7,0
597,111453.28,6.7,449347,796765,226129951,1339571,8,4,7327408128,8847605760,57.3,500068036608,15324188672,5207564288,74.6,8185708544,1477967872,84.7,0
597,111455.30,6.1,448530,797429,226130200,1339615,8,4,7324241920,8848449536,57.4,500068036608,15324188672,5207564288,74.6,8185708544,1477967872,84.7,0
597,111457.31,7.9,446916,802228,226130857,1337945,8,4,7310790656,8859934720,57.4,500068036608,15324188672,5207576576,74.6,8185708544,1477967872,84.7,0
597,111459.33,11.8,468304,855242,226133918,1298449,8,4,7236620288,8919060480,57.9,500068036608,15324188672,5207576576,74.6,8185708544,1477967872,84.7,0
597,111461.35,17.2,461544,867337,226140028,1298192,8,4,7207878656,8939106304,58.0,500068036608,15324188672,5207363584,74.6,8185708544,1477967872,84.7,0
596,111463.38,16.4,454686,867502,226146349,1298166,8,4,7179681792,8946913280,58.2,500068036608,15324188672,5207351296,74.6,8185708544,1477967872,84.7,0
596,111465.39,13.2,447852,871116,226158179,1296479,8,4,7144779776,8975171584,58.4,500068036608,15324188672,5206540288,74.6,8185708544,1477967872,84.7,0
596,111467.41,9.1,445478,867363,226163714,1298711,8,4,7144198144,8971837440,58.4,500068036608,15324188672,5206540288,74.6,8152154112,1511522304,84.4,0
596,111469.43,13.8,436579,864883,226170317,1299981,8,4,7112949760,8963932160,58.6,500068036608,15324188672,5206540288,74.6,8118599680,1545076736,84.0,0
596,111471.44,11.5,435873,864875,226173993,1300066,8,4,7110406144,8964182016,58.6,500068036608,15324188672,5206519808,74.6,8118599680,1545076736,84.0,0
597,111473.46,9.6,434161,863872,226183488,1300886,8,4,7106752512,8964849664,58.6,500068036608,15324188672,5206450176,74.6,8118599680,1545076736,84.0,0
598,111475.47,12.8,431861,863878,226191207,1301629,8,4,7100375040,8968368128,58.7,500068036608,15324188672,5206323200,74.6,8118599680,1545076736,84.0,0
599,111477.49,15.7,431114,871611,226201409,1297610,8,4,7080853504,8983101440,58.8,500068036608,15324188672,5206310912,74.6,8118599680,1545076736,84.0,0
599,111479.50,18.6,417345,815963,226204787,1304643,8,4,7053262848,9007931392,58.9,500068036608,15324188672,5206310912,74.6,8118599680,1545076736,84.0,0
599,111481.52,15.2,387849,935493,226210758,1286613,8,4,6858596352,9200635904,60.1,500068036608,15324188672,5205999616,74.6,8118599680,1545076736,84.0,0
599,111483.54,6.2,390182,930971,226211070,1287713,8,4,6872657920,9186820096,60.0,500068036608,15324188672,5205999616,74.6,8118599680,1545076736,84.0,0
599,111485.56,6.6,392651,925005,226211348,1288528,8,4,6886109184,9166446592,59.9,500068036608,15324188672,5205999616,74.6,8118599680,1545076736,84.0,0
599,111487.57,6.0,393697,923895,226211704,1287135,8,4,6884687872,9167564800,59.9,500068036608,15324188672,5205999616,74.6,8118599680,1545076736,84.0,0
599,111489.59,7.5,388735,923903,226216351,1290827,8,4,6879485952,9172754432,60.0,500068036608,15324188672,5205999616,74.6,8118599680,1545076736,84.0,0
599,111491.60,7.5,392809,919283,226216735,1291197,8,4,6897688576,9154953216,59.9,500068036608,15324188672,5205958656,74.6,8118599680,1545076736,84.0,0
599,111493.62,9.0,392035,923835,226218060,1288465,8,4,6883328000,9168973824,59.9,500068036608,15324188672,5205925888,74.6,8085045248,1578631168,83.7,0
599,111495.63,7.8,391715,923840,226218603,1289250,8,4,6885232640,9166839808,59.9,500068036608,15324188672,5205913600,74.6,8085045248,1578631168,83.7,0
599,111497.65,5.8,391354,923418,226218777,1289030,8,4,6882852864,9168154624,59.9,500068036608,15324188672,5205913600,74.6,8085045248,1578631168,83.7,0
599,111499.67,6.1,390845,916374,226218948,1291080,8,4,6889164800,9160663040,59.9,500068036608,15324188672,5205913600,74.6,8085045248,1578631168,83.7,0
599,111501.68,6.3,390728,811737,226219191,1315858,8,4,6990176256,9059594240,59.3,500068036608,15324188672,5205913600,74.6,8085045248,1578631168,83.7,0
600,111503.70,6.5,386532,802195,226220322,1332424,8,4,7040843776,9009037312,59.0,500068036608,15324188672,5205909504,74.6,8085045248,1578631168,83.7,0
600,111505.72,6.7,382662,807342,226225240,1345097,8,4,7076900864,8973234176,58.8,500068036608,15324188672,5205909504,74.6,8085045248,1578631168,83.7,0
599,111507.73,6.0,386447,807089,226225447,1343526,8,4,7085969408,8964190208,58.8,500068036608,15324188672,5205909504,74.6,8085045248,1578631168,83.7,0
600,111509.75,7.1,384880,807236,226226827,1343928,8,4,7081197568,8967450624,58.8,500068036608,15324188672,5205905408,74.6,8085045248,1578631168,83.7,0
600,111511.77,6.2,384467,807234,226227971,1343980,8,4,7079718912,8968220672,58.8,500068036608,15324188672,5205917696,74.6,8085045248,1578631168,83.7,0
597,111513.78,5.8,390475,806871,226228162,1341107,8,4,7092559872,8954863616,58.7,500068036608,15324188672,5205917696,74.6,8085045248,1578631168,83.7,0
597,111515.80,6.3,390441,806832,226228346,1340933,8,4,7091707904,8954142720,58.7,500068036608,15324188672,5205917696,74.6,8085045248,1578631168,83.7,0
597,111517.82,5.7,390427,806872,226228533,1338965,8,4,7083589632,8962686976,58.8,500068036608,15324188672,5205917696,74.6,8085045248,1578631168,83.7,0
596,111519.83,7.1,390045,806804,226228811,1340627,8,4,7088832512,8953593856,58.7,500068036608,15324188672,5205917696,74.6,8085045248,1578631168,83.7,0
596,111521.84,6.9,393055,802214,226229338,1341140,8,4,7103262720,8936091648,58.7,500068036608,15324188672,5205884928,74.6,8085045248,1578631168,83.7,0
596,111523.86,8.3,391028,807196,226230230,1339853,8,4,7089688576,8948936704,58.7,500068036608,15324188672,5205872640,74.6,8085045248,1578631168,83.7,0
597,111525.88,12.3,388668,801677,226233392,1342509,8,4,7090900992,8947113984,58.7,500068036608,15324188672,5205872640,74.6,8085045248,1578631168,83.7,0
597,111527.89,13.5,386011,802637,226237684,1342146,8,4,7078531072,8958517248,58.8,500068036608,15324188672,5205868544,74.6,8085045248,1578631168,83.7,0
598,111529.91,15.8,378556,806155,226245912,1340724,8,4,7042170880,8989560832,59.0,500068036608,15324188672,5205729280,74.6,8085045248,1578631168,83.7,0
602,111531.92,13.5,374282,806438,226257716,1340490,8,4,7023706112,9006231552,59.1,500068036608,15324188672,5205737472,74.6,8085045248,1578631168,83.7,0
603,111533.94,17.6,371500,806490,226269591,1340621,8,4,7012847616,9010364416,59.2,500068036608,15324188672,5205725184,74.6,8085045248,1578631168,83.7,0
603,111535.95,13.7,363851,838390,226279036,1337426,8,4,6968430592,9047044096,59.4,500068036608,15324188672,5205639168,74.6,8085045248,1578631168,83.7,0
603,111537.97,25.9,380662,845473,226292244,1311501,8,4,6931099648,9079349248,59.7,500068036608,15324188672,5205245952,74.6,8085045248,1578631168,83.7,0
602,111539.98,30.8,300162,945038,226314358,1294910,8,4,6533414912,9411923968,62.0,500068036608,15324188672,5204914176,74.6,8017936384,1645740032,83.0,0
602,111541.99,18.3,327801,950048,226321166,1265357,8,4,6525575168,9418166272,62.0,500068036608,15324188672,5204905984,74.6,8017936384,1645740032,83.0,0
602,111544.00,20.5,329831,937777,226332351,1265309,8,4,6533693440,9403174912,62.0,500068036608,15324188672,5204463616,74.6,8017936384,1645740032,83.0,0
602,111546.02,13.5,313349,954949,226333983,1265380,8,4,6466473984,9465303040,62.4,500068036608,15324188672,5204197376,74.6,8017936384,1645740032,83.0,0
602,111548.04,10.6,314985,954658,226335204,1264271,8,4,6468632576,9463263232,62.3,500068036608,15324188672,5204152320,74.6,8017936384,1645740032,83.0,0
602,111550.06,15.0,308618,955215,226352080,1264099,8,4,6441848832,9480626176,62.5,500068036608,15324188672,5206659072,74.6,7950303232,1713373184,82.3,0
604,111552.07,11.8,306762,945067,226361522,1263741,8,4,6432780288,9483784192,62.6,500068036608,15324188672,5206634496,74.6,7950303232,1713373184,82.3,0
604,111554.09,11.7,309724,932577,226362770,1263789,8,4,6445109248,9470967808,62.5,500068036608,15324188672,5206437888,74.6,7950303232,1713373184,82.3,0
606,111556.11,12.0,303066,933051,226370367,1264162,8,4,6419365888,9494384640,62.6,500068036608,15324188672,5209858048,74.6,7950303232,1713373184,82.3,0
606,111558.12,10.7,306194,932348,226372462,1264161,8,4,6432174080,9481232384,62.6,500068036608,15324188672,5209853952,74.6,7950303232,1713373184,82.3,0
610,111560.13,18.2,267576,878675,226402582,1297294,8,4,6409707520,9481568256,62.7,500068036608,15324188672,5209837568,74.6,7883194368,1780482048,81.6,0
610,111562.15,6.3,267832,873921,226403008,1300265,8,4,6422925312,9468694528,62.6,500068036608,15324188672,5209833472,74.6,7883194368,1780482048,81.6,0
609,111564.16,10.7,260254,878461,226415850,1301260,8,4,6395961344,9489113088,62.8,500068036608,15324188672,5209722880,74.6,7883194368,1780482048,81.6,0
609,111566.18,21.8,247835,881758,226433325,1304620,8,4,6358855680,9513742336,63.0,500068036608,15324188672,5209473024,74.6,7883194368,1780482048,81.6,0
609,111568.19,22.6,216961,896025,226458687,1315722,8,4,6277869568,9585995776,63.5,500068036608,15324188672,5200011264,74.7,7849639936,1814036480,81.2,0
609,111570.21,11.4,220244,893096,226459990,1314003,8,4,6284275712,9579118592,63.4,500068036608,15324188672,5199888384,74.7,7849639936,1814036480,81.2,0
609,111572.24,16.3,219630,936927,226466525,1299979,8,4,6224318464,9637015552,63.8,500068036608,15324188672,5199486976,74.7,7849639936,1814036480,81.2,0
609,111574.25,17.6,200240,964467,226484361,1297624,8,4,6135250944,9710395392,64.3,500068036608,15324188672,5199466496,74.7,7849639936,1814036480,81.2,0
608,111576.27,9.0,208596,958125,226486186,1297359,8,4,6168391680,9675382784,64.1,500068036608,15324188672,5199478784,74.7,7849639936,1814036480,81.2,0
608,111578.29,8.5,215424,949486,226492338,1297271,8,4,6195998720,9648267264,63.9,500068036608,15324188672,5199478784,74.7,7849639936,1814036480,81.2,0
608,111580.30,8.2,217857,945434,226495125,1297407,8,4,6206676992,9637634048,63.9,500068036608,15324188672,5199466496,74.7,7849639936,1814036480,81.2,0
608,111582.32,12.0,217024,945626,226499678,1297315,8,4,6202732544,9638137856,63.9,500068036608,15324188672,5199462400,74.7,7849639936,1814036480,81.2,0
608,111584.34,12.8,216426,945991,226507699,1297283,8,4,6200152064,9637687296,63.9,500068036608,15324188672,5199478784,74.7,7849639936,1814036480,81.2,0
608,111586.35,11.3,216957,944400,226511895,1297306,8,4,6202421248,9632256000,63.9,500068036608,15324188672,5199466496,74.7,7849639936,1814036480,81.2,0
606,111588.37,8.1,219675,889435,226513643,1305531,8,4,6247243776,9586970624,63.6,500068036608,15324188672,5199466496,74.7,7849639936,1814036480,81.2,0
606,111590.38,10.0,216908,892585,226516369,1309158,8,4,6250766336,9580703744,63.6,500068036608,15324188672,5199466496,74.7,7849639936,1814036480,81.2,0
606,111592.40,9.4,213336,796174,226525443,1321221,8,4,6285545472,9546174464,63.4,500068036608,15324188672,5199458304,74.7,7849639936,1814036480,81.2,0
606,111594.42,9.9,212341,777834,226529295,1326975,8,4,6305038336,9527037952,63.3,500068036608,15324188672,5199458304,74.7,7849639936,1814036480,81.2,0
605,111596.43,10.1,218709,783061,226533343,1348248,8,4,6418255872,9412685824,62.6,500068036608,15324188672,5199908864,74.7,7849639936,1814036480,81.2,0
605,111598.45,12.0,217751,783120,226539105,1363209,8,4,6475612160,9353420800,62.3,500068036608,15324188672,5199908864,74.7,7849639936,1814036480,81.2,0
605,111600.46,10.5,217235,783466,226542573,1363168,8,4,6473330688,9352613888,62.3,500068036608,15324188672,5199908864,74.7,7799308288,1864368128,80.7,0
605,111602.48,12.0,212888,780904,226555058,1365697,8,4,6465884160,9357553664,62.4,500068036608,15324188672,6275112960,70.9,7799308288,790626304,90.8,0
605,111604.50,8.6,212704,781125,226557512,1366177,8,4,6467096576,9357123584,62.4,500068036608,15324188672,6275112960,70.9,7799308288,790626304,90.8,0
605,111606.51,9.5,212747,782652,226561469,1365908,8,4,6466170880,9358884864,62.4,500068036608,15324188672,6275112960,70.9,7799308288,790626304,90.8,0
605,111608.53,12.6,207018,786727,226565567,1365757,8,4,6442086400,9381371904,62.5,500068036608,15324188672,6275112960,70.9,7799308288,790626304,90.8,0
600,111610.54,11.5,225624,778257,226570416,1361379,8,4,6500364288,9326575616,62.2,500068036608,15324188672,6275080192,70.9,7765753856,824180736,90.4,0
597,111612.56,8.8,250214,777708,226572108,1349954,8,4,6554288128,9272475648,61.8,500068036608,15324188672,6275076096,70.9,7765753856,824180736,90.4,0
597,111614.58,9.7,253379,776285,226574148,1347490,8,4,6557159424,9261260800,61.8,500068036608,15324188672,6275072000,70.9,7765753856,824180736,90.4,0
597,111616.59,9.1,252861,765170,226575834,1347684,8,4,6555832320,9262780416,61.8,500068036608,15324188672,6275072000,70.9,7765753856,824180736,90.4,0
597,111618.61,6.2,252609,765170,226576084,1348266,8,4,6557184000,9261191168,61.8,500068036608,15324188672,6275072000,70.9,7765753856,824180736,90.4,0
595,111620.62,6.8,255882,761940,226576366,1351462,8,4,6583681024,9235234816,61.7,500068036608,15324188672,6275067904,70.9,7765753856,824180736,90.4,0
595,111622.64,6.3,255066,761924,226576593,1352509,8,4,6584627200,9232343040,61.7,500068036608,15324188672,6275067904,70.9,7765753856,824180736,90.4,0
595,111624.66,9.4,249475,761922,226583500,1355698,8,4,6574788608,9239601152,61.7,500068036608,15324188672,6275063808,70.9,7765753856,824180736,90.4,0
595,111626.67,14.0,194737,929907,226588557,1297975,8,4,6114148352,9685348352,64.4,500068036608,15324188672,6275047424,70.9,7765753856,824180736,90.4,0
594,111628.69,13.5,221310,936956,226592628,1277592,8,4,6139502592,9657229312,64.3,500068036608,15324188672,6275047424,70.9,7765753856,824180736,90.4,0
594,111630.71,9.8,222164,943860,226596490,1276499,8,4,6138523648,9657683968,64.3,500068036608,15324188672,6275047424,70.9,7765753856,824180736,90.4,0
594,111632.72,10.0,234053,940763,226600786,1272056,8,4,6169022464,9626992640,64.1,500068036608,15324188672,6275047424,70.9,7765753856,824180736,90.4,0
594,111634.74,8.5,230126,940659,226607791,1274189,8,4,6161674240,9634443264,64.1,500068036608,15324188672,6275047424,70.9,7765753856,824180736,90.4,0
595,111636.75,8.0,227440,938862,226612758,1276446,8,4,6159917056,9637052416,64.1,500068036608,15324188672,6275047424,70.9,7765753856,824180736,90.4,0
595,111638.77,13.3,223748,938864,226616993,1279022,8,4,6155345920,9647538176,64.2,500068036608,15324188672,6275047424,70.9,7765753856,824180736,90.4,0
595,111640.79,9.9,225770,938858,226621434,1278023,8,4,6159536128,9643511808,64.1,500068036608,15324188672,6275043328,70.9,7765753856,824180736,90.4,0
595,111642.80,10.1,225100,938888,226624226,1278503,8,4,6158757888,9645600768,64.2,500068036608,15324188672,6275043328,70.9,7765753856,824180736,90.4,0
595,111644.82,15.1,223426,938890,226628460,1278975,8,4,6153834496,9646645248,64.2,500068036608,15324188672,6274998272,70.9,7765753856,824180736,90.4,0
595,111646.84,11.9,223427,924066,226640214,1283788,8,4,6173552640,9626185728,64.1,500068036608,15324188672,6275014656,70.9,7765753856,824180736,90.4,0
595,111648.85,10.4,218160,783643,226642825,1320236,8,4,6301270016,9485438976,63.3,500068036608,15324188672,6274994176,70.9,7732199424,857735168,90.0,0
599,111650.87,14.6,171252,783652,226666200,1349225,8,4,6227873792,9506652160,63.7,500068036608,15324188672,6274969600,70.9,7698644992,891289600,89.6,0
600,111652.89,11.3,159423,792233,226671848,1367614,8,4,6254743552,9470431232,63.6,500068036608,15324188672,6274969600,70.9,7665090560,924844032,89.2,0
600,111654.90,13.8,171133,780534,226673674,1373938,8,4,6328610816,9388711936,63.2,500068036608,15324188672,6274969600,70.9,7631536128,958398464,88.8,0
600,111656.92,10.4,172544,791904,226675633,1373503,8,4,6332608512,9381875712,63.1,500068036608,15324188672,6274756608,70.9,7631536128,958398464,88.8,0
600,111658.94,12.6,167564,796453,226679391,1372691,8,4,6308884480,9401630720,63.3,500068036608,15324188672,6274756608,70.9,7631536128,958398464,88.8,0
601,111660.96,12.3,166862,797623,226688112,1371580,8,4,6301458432,9409462272,63.3,500068036608,15324188672,6274756608,70.9,7631536128,958398464,88.8,0
601,111662.97,12.9,144479,812583,226695201,1371464,8,4,6209302528,9497501696,63.9,500068036608,15324188672,6274723840,70.9,7631536128,958398464,88.8,0
600,111664.99,12.2,147877,815824,226696176,1366505,8,4,6202908672,9501523968,63.9,500068036608,15324188672,6274719744,70.9,7631536128,958398464,88.8,0
600,111667.00,21.4,77758,953870,226709385,1349687,8,4,5846814720,9743089664,66.0,500068036608,15324188672,6274486272,70.9,7530872832,1059061760,87.7,0
600,111669.02,12.1,75855,958356,226711255,1353099,8,4,5852995584,9725317120,65.9,500068036608,15324188672,6274392064,70.9,7497318400,1092616192,87.3,0
600,111671.04,14.3,115909,985022,226713431,1320378,8,4,5883031552,9693171712,65.8,500068036608,15324188672,6274228224,71.0,7497318400,1092616192,87.3,0
605,111673.06,14.7,91165,979220,226723082,1326369,8,4,5806219264,9692135424,66.2,500068036608,15324188672,6274232320,71.0,7396655104,1193279488,86.1,0
605,111675.08,13.3,68098,995671,226729507,1326942,8,4,5714083840,9758789632,66.7,500068036608,15324188672,6274228224,71.0,7396655104,1193279488,86.1,0
605,111677.09,11.8,83956,965841,226738542,1333059,8,4,5804093440,9666945024,66.2,500068036608,15324188672,6274351104,71.0,7396655104,1193279488,86.1,0
605,111679.11,9.0,79409,966128,226743335,1335145,8,4,5794013184,9677291520,66.3,500068036608,15324188672,6274367488,71.0,7396655104,1193279488,86.1,0
602,111681.12,10.4,103642,964316,226744556,1323614,8,4,5846040576,9623805952,66.0,500068036608,15324188672,6274359296,71.0,7396655104,1193279488,86.1,0
602,111683.14,8.9,103179,961370,226745222,1324029,8,4,5845843968,9622978560,66.0,500068036608,15324188672,6274359296,71.0,7396655104,1193279488,86.1,0
601,111685.16,15.5,96200,965162,226768381,1326149,8,4,5825941504,9635930112,66.1,500068036608,15324188672,6274359296,71.0,7396655104,1193279488,86.1,0
601,111687.18,14.7,76557,931101,226785784,1350604,8,4,5845651456,9613352960,66.0,500068036608,15324188672,6274355200,71.0,7363100672,1226833920,85.7,0
601,111689.19,8.7,79986,926584,226786265,1355793,8,4,5880950784,9578151936,65.8,500068036608,15324188672,6274355200,71.0,7363100672,1226833920,85.7,0
601,111691.21,7.7,80846,872496,226790531,1361462,8,4,5907693568,9550745600,65.6,500068036608,15324188672,6274449408,70.9,7363100672,1226833920,85.7,0
601,111693.23,6.1,82112,855859,226790748,1361987,8,4,5915029504,9544159232,65.6,500068036608,15324188672,6274449408,70.9,7363100672,1226833920,85.7,0
601,111695.24,9.4,81521,806182,226791265,1362831,8,4,5916065792,9541472256,65.6,500068036608,15324188672,6274449408,70.9,7363100672,1226833920,85.7,0
600,111697.26,18.1,35929,988046,226804652,1359064,8,4,5713891328,9738399744,66.7,500068036608,15324188672,6274347008,71.0,7363100672,1226833920,85.7,0
600,111699.27,9.1,34053,977625,226807606,1364602,8,4,5728890880,9722413056,66.7,500068036608,15324188672,6274248704,71.0,7363100672,1226833920,85.7,0
600,111701.29,12.3,42811,979301,226808849,1361191,8,4,5750792192,9700347904,66.5,500068036608,15324188672,6274072576,71.0,7363100672,1226833920,85.7,0
602,111703.30,9.8,42555,967901,226812113,1361553,8,4,5751226368,9697619968,66.5,500068036608,15324188672,6274052096,71.0,7363100672,1226833920,85.7,0
601,111705.32,15.5,33307,966659,226826435,1369021,8,4,5743935488,9691193344,66.6,500068036608,15324188672,6273548288,71.0,7363100672,1226833920,85.7,0
602,111707.33,16.6,61675,954683,226833242,1357615,8,4,5813411840,9620701184,66.2,500068036608,15324188672,6272987136,71.0,7363100672,1226833920,85.7,0
607,111709.35,23.1,37231,960344,226879317,1358707,8,4,5717762048,9636536320,66.7,500068036608,15324188672,6270242816,71.0,7363100672,1226833920,85.7,0
609,111711.37,26.3,56029,974441,226902542,1308597,8,4,5589508096,9600217088,67.5,500068036608,15324188672,6269169664,71.0,7363100672,1226833920,85.7,0
609,111713.38,7.9,79154,982465,226909778,1302875,8,4,5660790784,9526681600,67.0,500068036608,15324188672,6267961344,71.0,7329546240,1260388352,85.3,0
609,111715.40,10.4,91371,970556,226912000,1301339,8,4,5704540160,9481592832,66.8,500068036608,15324188672,6267949056,71.0,7329546240,1260388352,85.3,0
606,111717.41,20.4,112458,968296,226926249,1292846,8,4,5756125184,9428824064,66.5,500068036608,15324188672,6267781120,71.0,7329546240,1260388352,85.3,0
606,111719.43,17.1,99860,966393,226936117,1300737,8,4,5736845312,9454628864,66.6,500068036608,15324188672,6267781120,71.0,7329546240,1260388352,85.3,0
605,111721.45,11.6,80412,956105,226943948,1304892,8,4,5674205184,9515044864,67.0,500068036608,15324188672,6267781120,71.0,7329546240,1260388352,85.3,0
605,111723.46,7.7,76527,955069,226950243,1310538,8,4,5681418240,9506701312,66.9,500068036608,15324188672,6267777024,71.0,7329546240,1260388352,85.3,0
605,111725.48,15.8,97549,927212,226963510,1319908,8,4,5805903872,9381199872,66.2,500068036608,15324188672,6267703296,71.0,7329546240,1260388352,85.3,0
605,111727.50,11.2,103428,927113,226968278,1317236,8,4,5819039744,9367728128,66.1,500068036608,15324188672,6267715584,71.0,7329546240,1260388352,85.3,0
605,111729.51,6.6,102884,926657,226969845,1317298,8,4,5817065472,9367117824,66.1,500068036608,15324188672,6267715584,71.0,7295991808,1293942784,84.9,0
604,111731.53,7.6,105173,902077,226972503,1319499,8,4,5835456512,9348542464,66.0,500068036608,15324188672,6267703296,71.0,7295991808,1293942784,84.9,0
604,111733.55,6.7,103785,890491,226973765,1323942,8,4,5847969792,9334849536,66.0,500068036608,15324188672,6267715584,71.0,7295991808,1293942784,84.9,0
604,111735.57,8.1,103118,859049,226978424,1333037,8,4,5882490880,9299906560,65.8,500068036608,15324188672,6267707392,71.0,7295991808,1293942784,84.9,0
604,111737.58,7.7,102550,795394,226981416,1338941,8,4,5904347136,9277808640,65.6,500068036608,15324188672,6267703296,71.0,7295991808,1293942784,84.9,0
602,111739.60,7.6,116550,807288,226983070,1369934,8,4,6088638464,9093373952,64.6,500068036608,15324188672,6267703296,71.0,7295991808,1293942784,84.9,0
602,111741.62,7.2,121866,794195,226985941,1373681,8,4,6125760512,9055363072,64.3,500068036608,15324188672,6267699200,71.0,7295991808,1293942784,84.9,0
602,111743.63,11.0,118278,796898,226988015,1373821,8,4,6111637504,9066663936,64.4,500068036608,15324188672,6267699200,71.0,7295991808,1293942784,84.9,0
602,111745.65,10.9,112522,805524,226995325,1372496,8,4,6082633728,9095831552,64.6,500068036608,15324188672,6267703296,71.0,7295991808,1293942784,84.9,0
602,111747.66,12.6,101507,829943,226999165,1365606,8,4,6009294848,9168027648,65.0,500068036608,15324188672,6267572224,71.0,7295991808,1293942784,84.9,0
602,111749.68,6.0,109393,834340,226999435,1359474,8,4,6016479232,9160572928,65.0,500068036608,15324188672,6267568128,71.0,7295991808,1293942784,84.9,0
602,111751.69,7.1,123414,820220,227005538,1359665,8,4,6074691584,9102778368,64.6,500068036608,15324188672,6267568128,71.0,7295991808,1293942784,84.9,0
600,111753.71,6.0,131941,819366,227005808,1355713,8,4,6093430784,9083461632,64.5,500068036608,15324188672,6267568128,71.0,7295991808,1293942784,84.9,0
597,111755.73,6.2,135659,818138,227006276,1354409,8,4,6103318528,9073053696,64.5,500068036608,15324188672,6267568128,71.0,7295991808,1293942784,84.9,0
596,111757.74,9.0,145208,813352,227008306,1354099,8,4,6141161472,9035034624,64.3,500068036608,15324188672,6267568128,71.0,7295991808,1293942784,84.9,0
596,111759.76,15.6,92402,955326,227017324,1307223,8,4,5732864000,9443377152,66.6,500068036608,15324188672,6267260928,71.0,7295991808,1293942784,84.9,0
596,111761.78,10.8,92424,949700,227018483,1308644,8,4,5738774528,9434529792,66.6,500068036608,15324188672,6267265024,71.0,7295991808,1293942784,84.9,0
596,111763.79,12.1,88194,961360,227021327,1302959,8,4,5698162688,9447862272,66.8,500068036608,15324188672,6267166720,71.0,7262437376,1327497216,84.5,0
596,111765.81,20.8,117422,978849,227044928,1277793,8,4,5714800640,9420189696,66.7,500068036608,15324188672,6266617856,71.0,7262437376,1327497216,84.5,0
603,111767.82,17.3,109527,974833,227063662,1282887,8,4,5703327744,9425281024,66.8,500068036608,15324188672,6266372096,71.0,7228882944,1361051648,84.2,0
603,111769.84,18.9,61591,997811,227069830,1279884,8,4,5494681600,9624166400,68.0,500068036608,15324188672,6265937920,71.0,7228882944,1361051648,84.2,0
603,111771.85,11.8,67530,1003370,227074204,1287306,8,4,5549408256,9567076352,67.7,500068036608,15324188672,6269861888,71.0,7228882944,1361051648,84.2,0
603,111773.87,8.2,76673,989197,227074855,1288937,8,4,5593538560,9522110464,67.4,500068036608,15324188672,6269816832,71.0,7228882944,1361051648,84.2,0
603,111775.89,11.4,92015,961445,227077759,1293275,8,4,5674147840,9436581888,67.0,500068036608,15324188672,6269804544,71.0,7228882944,1361051648,84.2,0
604,111777.91,10.1,91883,956634,227083693,1295561,8,4,5682970624,9425305600,66.9,500068036608,15324188672,6269919232,71.0,7228882944,1361051648,84.2,0
604,111779.93,8.6,87106,957052,227085156,1298985,8,4,5677428736,9419640832,67.0,500068036608,15324188672,6269919232,71.0,7228882944,1361051648,84.2,0
604,111781.94,8.6,86204,956362,227086781,1298244,8,4,5670699008,9422086144,67.0,500068036608,15324188672,6269882368,71.0,7228882944,1361051648,84.2,0
604,111783.96,10.0,83740,949028,227088334,1297772,8,4,5658673152,9427509248,67.1,500068036608,15324188672,6269878272,71.0,7228882944,1361051648,84.2,0
604,111785.97,10.9,83356,941390,227089033,1301907,8,4,5674037248,9411588096,67.0,500068036608,15324188672,6269865984,71.0,7228882944,1361051648,84.2,0
604,111787.99,8.8,83089,940666,227089715,1307176,8,4,5694525440,9391751168,66.9,500068036608,15324188672,6269861888,71.0,7228882944,1361051648,84.2,0
604,111790.00,10.3,81646,855569,227092431,1346064,8,4,5847900160,9238601728,66.0,500068036608,15324188672,6269878272,71.0,7228882944,1361051648,84.2,0
604,111792.02,9.3,88465,842337,227100569,1354114,8,4,5908869120,9177284608,65.6,500068036608,15324188672,6269857792,71.0,7228882944,1361051648,84.2,0
603,111794.03,13.5,97935,834426,227107504,1352454,8,4,5940793344,9144991744,65.4,500068036608,15324188672,6275170304,70.9,7228882944,1361051648,84.2,0
604,111796.04,10.3,96825,832987,227109141,1353495,8,4,5940510720,9144516608,65.4,500068036608,15324188672,6275125248,70.9,7228882944,1361051648,84.2,0
604,111798.06,10.2,96765,832566,227111140,1353309,8,4,5939503104,9142460416,65.4,500068036608,15324188672,6275084288,70.9,7228882944,1361051648,84.2,0
605,111800.07,7.5,92370,832892,227112233,1354674,8,4,5927092224,9154449408,65.5,500068036608,15324188672,6275080192,70.9,7195328512,1394606080,83.8,0
605,111802.09,7.6,91639,832603,227112755,1353811,8,4,5920567296,9158709248,65.5,500068036608,15324188672,6275072000,70.9,7195328512,1394606080,83.8,0
602,111804.10,16.9,73663,858684,227120154,1345282,8,4,5811998720,9218076672,66.2,500068036608,15324188672,6274916352,70.9,7127957504,1461977088,83.0,0
600,111806.12,11.4,77101,857590,227121931,1343315,8,4,5818023936,9208561664,66.1,500068036608,15324188672,6274912256,70.9,7127957504,1461977088,83.0,0
600,111808.13,9.7,88278,856246,227126182,1338652,8,4,5844705280,9181274112,66.0,500068036608,15324188672,6274912256,70.9,7127957504,1461977088,83.0,0
600,111810.15,7.6,87411,852290,227126650,1340698,8,4,5849534464,9173995520,66.0,500068036608,15324188672,6274908160,70.9,7127957504,1461977088,83.0,0
598,111812.17,10.0,90329,851548,227127791,1339969,8,4,5858500608,9164709888,65.9,500068036608,15324188672,6274908160,70.9,7127957504,1461977088,83.0,0
597,111814.18,9.1,91433,850964,227128554,1339362,8,4,5860536320,9162162176,65.9,500068036608,15324188672,6274908160,70.9,7127957504,1461977088,83.0,0
596,111816.20,8.9,89935,851057,227129518,1339662,8,4,5855629312,9161879552,65.9,500068036608,15324188672,6274908160,70.9,7127957504,1461977088,83.0,0
596,111818.22,6.7,89741,850798,227130098,1339725,8,4,5855092736,9162567680,65.9,500068036608,15324188672,6274908160,70.9,7127957504,1461977088,83.0,0
595,111820.23,10.2,89427,850481,227131377,1339877,8,4,5854429184,9160835072,65.9,500068036608,15324188672,6274899968,70.9,7127957504,1461977088,83.0,0
595,111822.25,10.0,89741,850172,227132272,1339868,8,4,5855678464,9160388608,65.9,500068036608,15324188672,6274899968,70.9,7127957504,1461977088,83.0,0
595,111824.27,9.4,89843,842148,227132876,1343390,8,4,5870522368,9144770560,65.8,500068036608,15324188672,6274899968,70.9,7127957504,1461977088,83.0,0
595,111826.28,8.1,89851,825408,227133409,1352052,8,4,5906034688,9109606400,65.6,500068036608,15324188672,6274211840,71.0,7127957504,1461977088,83.0,0
595,111828.30,13.2,87854,826119,227135556,1352602,8,4,5900107776,9112866816,65.7,500068036608,15324188672,6274211840,71.0,7127957504,1461977088,83.0,0
595,111830.31,10.6,87325,826262,227136605,1352535,8,4,5897666560,9114165248,65.7,500068036608,15324188672,6274224128,71.0,7127957504,1461977088,83.0,0
594,111832.33,9.1,83914,826183,227144114,1354451,8,4,5891543040,9119830016,65.7,500068036608,15324188672,6274207744,71.0,7127957504,1461977088,83.0,0
594,111834.34,9.7,82536,826289,227146002,1354859,8,4,5887569920,9123352576,65.7,500068036608,15324188672,6274109440,71.0,7127957504,1461977088,83.0,0
596,111836.36,7.6,84708,820480,227148432,1356628,8,4,5903712256,9107410944,65.6,500068036608,15324188672,6274109440,71.0,7127957504,1461977088,83.0,0
596,111838.37,6.1,84277,823717,227148760,1355099,8,4,5895684096,9114161152,65.7,500068036608,15324188672,6274109440,71.0,7127957504,1461977088,83.0,0
596,111840.38,6.3,84749,823695,227148995,1354900,8,4,5896802304,9113542656,65.7,500068036608,15324188672,6274109440,71.0,7127957504,1461977088,83.0,0
596,111842.40,10.0,84594,820067,227149591,1354626,8,4,5895045120,9114746880,65.7,500068036608,15324188672,6274109440,71.0,7127957504,1461977088,83.0,0
596,111844.41,10.3,84661,824018,227150019,1354589,8,4,5895168000,9113989120,65.7,500068036608,15324188672,6274101248,71.0,7127957504,1461977088,83.0,0
596,111846.43,9.8,85233,824284,227150762,1354161,8,4,5895757824,9112743936,65.7,500068036608,15324188672,6274088960,71.0,7127957504,1461977088,83.0,0
596,111848.44,6.8,84692,822030,227151981,1354724,8,4,5895847936,9113108480,65.7,500068036608,15324188672,6274072576,71.0,7127957504,1461977088,83.0,0
596,111850.46,7.1,83838,821664,227152602,1355891,8,4,5897129984,9110233088,65.7,500068036608,15324188672,6274080768,71.0,7127957504,1461977088,83.0,0
596,111852.48,8.7,83011,822749,227153710,1355495,8,4,5892120576,9113751552,65.7,500068036608,15324188672,6273613824,71.0,7127957504,1461977088,83.0,0
596,111854.49,8.1,87604,818423,227154108,1355616,8,4,5911429120,9095057408,65.6,500068036608,15324188672,6273720320,71.0,7127957504,1461977088,83.0,0
596,111856.51,10.3,89276,818654,227156757,1354606,8,4,5914140672,9092505600,65.6,500068036608,15324188672,6273642496,71.0,7127957504,1461977088,83.0,0
596,111858.53,8.5,78857,830446,227158338,1353916,8,4,5868638208,9137405952,65.8,500068036608,15324188672,6273638400,71.0,7127957504,1461977088,83.0,0
596,111860.54,7.9,79052,830521,227158879,1353944,8,4,5869551616,9137168384,65.8,500068036608,15324188672,6273638400,71.0,7127957504,1461977088,83.0,0
596,111862.56,12.3,79417,840710,227159781,1345621,8,4,5836955648,9169367040,66.0,500068036608,15324188672,6273650688,71.0,7127957504,1461977088,83.0,0
597,111864.57,15.3,71856,841619,227172385,1351857,8,4,5831528448,9174835200,66.1,500068036608,15324188672,6273433600,71.0,7127957504,1461977088,83.0,0
603,111866.59,39.9,69357,961509,227194567,1285634,8,4,5550043136,9478500352,67.7,500068036608,15324188672,6274179072,71.0,7127957504,1461977088,83.0,0
602,111868.61,19.4,77780,945482,227204694,1290005,8,4,5602447360,9423892480,67.4,500068036608,15324188672,6273941504,71.0,7127957504,1461977088,83.0,0
602,111870.62,18.2,109615,950879,227213590,1251006,8,4,5573103616,9420906496,67.6,500068036608,15324188672,6273912832,71.0,7127957504,1461977088,83.0,0
602,111872.64,30.7,107266,949956,227231492,1253035,8,4,5571792896,9421586432,67.6,500068036608,15324188672,6273777664,71.0,7127957504,1461977088,83.0,0
604,111874.66,35.3,103209,950432,227245736,1256784,8,4,5570531328,9421742080,67.6,500068036608,15324188672,6273757184,71.0,7094403072,1495531520,82.6,0
604,111876.68,22.7,94564,954160,227255612,1260080,8,4,5548621824,9443717120,67.7,500068036608,15324188672,6273748992,71.0,7094403072,1495531520,82.6,0
604,111878.70,39.7,88461,954272,227265542,1265911,8,4,5547507712,9443041280,67.7,500068036608,15324188672,6273495040,71.0,7094403072,1495531520,82.6,0
604,111880.71,41.3,85140,948916,227274976,1271692,8,4,5557583872,9432391680,67.7,500068036608,15324188672,6273482752,71.0,7094403072,1495531520,82.6,0
603,111882.72,23.3,90841,948517,227284372,1270257,8,4,5575057408,9414623232,67.5,500068036608,15324188672,6273454080,71.0,7094403072,1495531520,82.6,0
603,111884.74,16.1,103927,934318,227293578,1270318,8,4,5628907520,9358340096,67.2,500068036608,15324188672,6273437696,71.0,7094403072,1495531520,82.6,0
603,111886.75,13.2,113440,806025,227300185,1287593,8,4,5738631168,9248813056,66.6,500068036608,15324188672,6273318912,71.0,7094403072,1495531520,82.6,0
603,111888.77,6.6,127508,791765,227301561,1290019,8,4,5806190592,9180876800,66.2,500068036608,15324188672,6273314816,71.0,7094403072,1495531520,82.6,0
603,111890.78,7.8,126665,790669,227303291,1298289,8,4,5836611584,9148563456,66.0,500068036608,15324188672,6273323008,71.0,7094403072,1495531520,82.6,0
603,111892.80,6.9,124929,791935,227305034,1304989,8,4,5856944128,9128931328,65.9,500068036608,15324188672,6273318912,71.0,7094403072,1495531520,82.6,0
603,111894.81,7.1,124961,794862,227306544,1310355,8,4,5879054336,9106460672,65.8,500068036608,15324188672,6273314816,71.0,7094403072,1495531520,82.6,0
603,111896.83,11.0,116746,801758,227312163,1326525,8,4,5911638016,9073045504,65.6,500068036608,15324188672,6273310720,71.0,7094403072,1495531520,82.6,0
603,111898.85,6.5,115581,802608,227314458,1329123,8,4,5917507584,9066835968,65.6,500068036608,15324188672,6273306624,71.0,7094403072,1495531520,82.6,0
602,111900.86,8.3,116011,802841,227315940,1328740,8,4,5917700096,9067163648,65.6,500068036608,15324188672,6273306624,71.0,7094403072,1495531520,82.6,0
603,111902.88,19.9,109070,808173,227324438,1329468,8,4,5892251648,9091919872,65.7,500068036608,15324188672,6273306624,71.0,7094403072,1495531520,82.6,0
603,111904.89,9.6,108722,808292,227326923,1329542,8,4,5891129344,9092628480,65.7,500068036608,15324188672,6273253376,71.0,7094403072,1495531520,82.6,0
603,111906.91,20.2,81782,944899,227335549,1283555,8,4,5592420352,9389068288,67.4,500068036608,15324188672,6273216512,71.0,7094403072,1495531520,82.6,0
603,111908.92,15.1,72106,954322,227346276,1283851,8,4,5553999872,9427238912,67.7,500068036608,15324188672,6273212416,71.0,7094403072,1495531520,82.6,0
603,111910.94,17.6,35885,954682,227369916,1317424,8,4,5543153664,9399754752,67.7,500068036608,15324188672,6272262144,71.0,7027294208,1562640384,81.8,0
598,111912.96,9.9,47994,947268,227372657,1315009,8,4,5582860288,9360355328,67.5,500068036608,15324188672,6272278528,71.0,7027294208,1562640384,81.8,0
597,111914.97,21.4,27911,940012,227388186,1325062,8,4,5541777408,9381351424,67.7,500068036608,15324188672,6271979520,71.0,6993739776,1596194816,81.4,0
599,111916.99,68.3,15737,948983,227467245,1319799,8,4,5470355456,9347379200,68.2,500068036608,15324188672,6271070208,71.0,6960185344,1629749248,81.0,1
602,111919.02,62.7,20820,957069,227544907,1303405,8,4,5424041984,9331482624,68.4,500068036608,15324188672,6269030400,71.0,6960185344,1629749248,81.0,1
602,111921.12,70.7,20682,968627,227623918,1277305,8,4,5316575232,9272782848,69.1,500068036608,15324188672,6268293120,71.0,6960185344,1629749248,81.0,1
603,111923.13,83.4,50490,993237,227694923,1220139,8,4,5204496384,9260982272,69.7,500068036608,15324188672,6264926208,71.0,6926630912,1663303680,80.6,1
602,111925.16,74.4,49560,992453,227746637,1216242,8,4,5184720896,9232302080,69.8,500068036608,15324188672,6263599104,71.0,6926630912,1663303680,80.6,1
602,111927.18,54.2,46424,954260,227780819,1235655,8,4,5251395584,9143746560,69.4,500068036608,15324188672,6262673408,71.0,6926630912,1663303680,80.6,0
602,111929.19,22.1,37718,952687,227799222,1246121,8,4,5258604544,9136619520,69.4,500068036608,15324188672,6262525952,71.0,6926630912,1663303680,80.6,0
604,111931.21,20.4,27746,954588,227812062,1253573,8,4,5248282624,9146044416,69.5,500068036608,15324188672,6261817344,71.0,6926630912,1663303680,80.6,0
604,111933.22,15.1,23843,953077,227818668,1259080,8,4,5254852608,9138794496,69.4,500068036608,15324188672,6261809152,71.0,6926630912,1663303680,80.6,0
604,111935.24,16.0,20520,948685,227824575,1263707,8,4,5260193792,9133707264,69.4,500068036608,15324188672,6261211136,71.0,6926630912,1663303680,80.6,0
604,111937.25,16.3,15378,866391,227837919,1301981,8,4,5395902464,8998014976,68.6,500068036608,15324188672,6261141504,71.0,6926630912,1663303680,80.6,0
605,111939.26,21.2,36452,858595,227850338,1282054,8,4,5400600576,8903761920,68.6,500068036608,15324188672,6261092352,71.0,6926630912,1663303680,80.6,0
611,111941.29,50.2,39230,888408,227934303,1275392,8,4,5384691712,9010450432,68.7,500068036608,15324188672,6258704384,71.0,6999506944,1590427648,81.5,0
612,111943.31,45.0,39828,884801,227979530,1283077,8,4,5418618880,9028743168,68.5,500068036608,15324188672,6257344512,71.0,7066615808,1523318784,82.3,0
613,111945.32,21.9,176395,875730,227987125,1284812,8,4,5985103872,9003139072,65.2,500068036608,15324188672,6257045504,71.0,7613448192,976486400,88.6,0
613,111947.34,21.8,287939,864203,227996140,1290696,8,4,6466088960,8980627456,62.4,500068036608,15324188672,6256869376,71.0,8040480768,549453824,93.6,0
616,111949.36,21.6,421868,852709,228003819,1294606,8,4,7030677504,8965738496,59.1,500068036608,15324188672,5594337280,73.3,8589934592,0,100.0,0
616,111951.78,17.1,474003,846097,228021103,1298742,8,4,7261163520,8938741760,57.7,500068036608,15324188672,5181202432,74.7,8804630528,859045888,91.1,0
618,111953.80,16.6,461399,845600,228030342,1300925,8,4,7218479104,8943575040,58.0,500068036608,15324188672,5181116416,74.7,8771076096,892600320,90.8,0
618,111955.82,18.0,453430,845483,228037988,1303697,8,4,7197192192,8958738432,58.1,500068036608,15324188672,5180997632,74.7,8771076096,892600320,90.8,0
616,111957.84,14.6,462713,838895,228046205,1302679,8,4,7231045632,8928358400,57.9,500068036608,15324188672,5180882944,74.7,8771076096,892600320,90.8,0
616,111959.86,17.7,459800,826174,228051780,1309892,8,4,7248658432,8907337728,57.8,500068036608,15324188672,5180641280,74.7,8771076096,892600320,90.8,0
616,111961.88,18.2,447252,828087,228063229,1315404,8,4,7219838976,8934813696,58.0,500068036608,15324188672,5179088896,74.7,8771076096,892600320,90.8,0
616,111963.89,14.6,444545,817562,228068174,1319742,8,4,7226519552,8915992576,57.9,500068036608,15324188672,5178601472,74.7,8771076096,892600320,90.8,0
616,111965.91,16.5,440505,819013,228071724,1321162,8,4,7215788032,8925331456,58.0,500068036608,15324188672,5178601472,74.7,8737521664,926154752,90.4,0
617,111967.93,20.4,440034,820528,228077487,1324475,8,4,7227428864,8910991360,57.9,500068036608,15324188672,5189636096,74.7,8737521664,926154752,90.4,0
617,111969.94,18.2,437801,822604,228083608,1323782,8,4,7215443968,8922386432,58.0,500068036608,15324188672,5189287936,74.7,8737521664,926154752,90.4,0
613,111971.96,26.2,438976,831036,228100698,1310784,8,4,7167016960,8932679680,58.3,500068036608,15324188672,5189025792,74.7,8737521664,926154752,90.4,0
617,111973.98,23.8,392103,834714,228155440,1330170,8,4,7054430208,9030254592,58.9,500068036608,15324188672,5188976640,74.7,8737521664,926154752,90.4,0
618,111975.99,22.7,359952,852640,228181330,1336437,8,4,6948409344,9128636416,59.6,500068036608,15324188672,5188411392,74.7,8703967232,959709184,90.1,0
616,111978.01,22.7,337450,873434,228196042,1336661,8,4,6857158656,9213804544,60.1,500068036608,15324188672,5188222976,74.7,8703967232,959709184,90.1,0
616,111980.03,19.2,329719,869838,228203782,1340797,8,4,6842433536,9215528960,60.2,500068036608,15324188672,5188050944,74.7,8703967232,959709184,90.1,0
616,111982.04,41.1,277781,900601,228246891,1350190,8,4,6668177408,9381277696,61.2,500068036608,15324188672,5185777664,74.7,8670412800,993263616,89.7,0
615,111984.06,14.8,270754,901368,228250895,1350075,8,4,6638915584,9382477824,61.4,500068036608,15324188672,5185826816,74.7,8670412800,993263616,89.7,0
611,111986.08,14.9,271449,897939,228259251,1350441,8,4,6643261440,9371779072,61.3,500068036608,15324188672,5185814528,74.7,8636858368,1026818048,89.4,0
609,111988.10,13.3,330508,845006,228277593,1347485,8,4,6873059328,9141526528,60.0,500068036608,15324188672,5185814528,74.7,8636858368,1026818048,89.4,0
609,111990.11,25.2,280955,977117,228302693,1305858,8,4,6499586048,9513005056,62.2,500068036608,15324188672,5185417216,74.7,8569749504,1093926912,88.7,0
609,111992.13,21.1,285200,988468,228318672,1299047,8,4,6489075712,9531379712,62.2,500068036608,15324188672,5184036864,74.7,8569749504,1093926912,88.7,0
609,111994.15,23.6,236222,1045745,228336935,1298605,8,4,6286651392,9741717504,63.4,500068036608,15324188672,5184036864,74.7,8569749504,1093926912,88.7,0
607,111996.17,23.4,286242,1015407,228346937,1283880,8,4,6431219712,9581662208,62.6,500068036608,15324188672,5183836160,74.7,8569749504,1093926912,88.7,0
607,111998.18,23.1,286052,1008236,228360824,1287606,8,4,6445703168,9564876800,62.5,500068036608,15324188672,5183721472,74.7,8569749504,1093926912,88.7,0
607,112000.20,12.3,287572,987399,228361963,1294018,8,4,6478192640,9532145664,62.3,500068036608,15324188672,5183717376,74.7,8569749504,1093926912,88.7,0
607,112002.22,18.3,295347,981717,228373627,1296029,8,4,6518276096,9491345408,62.1,500068036608,15324188672,5183692800,74.7,8569749504,1093926912,88.7,0
607,112004.23,17.1,294988,982963,228376625,1295986,8,4,6516629504,9486811136,62.1,500068036608,15324188672,5183442944,74.7,8569749504,1093926912,88.7,0
606,112006.25,17.9,299671,961467,228384976,1302910,8,4,6564171776,9440268288,61.8,500068036608,15324188672,5180735488,74.7,8569749504,1093926912,88.7,0
606,112008.27,12.5,303112,955609,228388185,1303265,8,4,6579720192,9417158656,61.7,500068036608,15324188672,5180735488,74.7,8502640640,1161035776,88.0,0
606,112010.28,15.3,301046,961907,228393843,1300919,8,4,6561648640,9432375296,61.8,500068036608,15324188672,5180395520,74.7,8502640640,1161035776,88.0,0
607,112012.30,27.3,288791,964204,228418649,1305215,8,4,6529048576,9458417664,62.0,500068036608,15324188672,5179654144,74.7,8435531776,1228144640,87.3,0
607,112014.32,15.0,286800,941177,228426022,1310195,8,4,6541291520,9451487232,61.9,500068036608,15324188672,5179596800,74.7,8435531776,1228144640,87.3,0
607,112016.33,14.0,285058,831139,228433177,1357001,8,4,6725873664,9268981760,60.9,500068036608,15324188672,5179518976,74.7,8435531776,1228144640,87.3,0
608,112018.35,22.5,289161,828636,228439207,1372979,8,4,6808125440,9184161792,60.4,500068036608,15324188672,5179502592,74.7,8435531776,1228144640,87.3,0
610,112020.37,41.8,209190,857801,228500879,1397108,8,4,6579396608,9401974784,61.7,500068036608,15324188672,5178511360,74.7,8435531776,1228144640,87.3,0
610,112022.39,18.0,187676,857102,228515088,1404975,8,4,6523498496,9431674880,62.0,500068036608,15324188672,5177884672,74.7,8435531776,1228144640,87.3,0
610,112024.40,20.4,185728,852871,228525713,1406535,8,4,6521909248,9418190848,62.0,500068036608,15324188672,5177810944,74.7,8435531776,1228144640,87.3,0
609,112026.42,17.3,191633,847105,228536245,1405829,8,4,6543204352,9393672192,61.9,500068036608,15324188672,5177577472,74.7,8435531776,1228144640,87.3,0
609,112028.43,14.9,192425,846257,228540424,1405383,8,4,6544621568,9388789760,61.9,500068036608,15324188672,5177372672,74.7,8435531776,1228144640,87.3,0
609,112030.45,12.0,183286,841300,228541028,1406265,8,4,6510800896,9373212672,62.1,500068036608,15324188672,5177311232,74.7,8401977344,1261699072,86.9,0
609,112032.47,14.6,179868,844387,228542683,1406210,8,4,6496575488,9387794432,62.2,500068036608,15324188672,5177298944,74.7,8401977344,1261699072,86.9,0
608,112034.48,18.5,185382,843285,228547989,1404243,8,4,6511104000,9371582464,62.1,500068036608,15324188672,5177151488,74.7,8401977344,1261699072,86.9,0
607,112036.49,17.5,190523,835947,228550114,1402174,8,4,6523686912,9358299136,62.0,500068036608,15324188672,5177139200,74.7,8401977344,1261699072,86.9,0
607,112038.51,14.0,190668,821851,228551739,1406711,8,4,6542864384,9340309504,61.9,500068036608,15324188672,5177155584,74.7,8401977344,1261699072,86.9,0
607,112040.53,13.4,190077,816724,228556000,1412568,8,4,6564433920,9316470784,61.8,500068036608,15324188672,5177126912,74.7,8401977344,1261699072,86.9,0
607,112042.55,11.7,197603,806106,228557297,1416962,8,4,6613258240,9269137408,61.5,500068036608,15324188672,5176926208,74.7,8401977344,1261699072,86.9,0
607,112044.56,15.2,190423,807607,228567652,1420104,8,4,6596718592,9283137536,61.6,500068036608,15324188672,5176786944,74.7,8401977344,1261699072,86.9,0
607,112046.58,15.4,187804,808492,228571625,1420290,8,4,6586753024,9294147584,61.7,500068036608,15324188672,5176717312,74.7,8401977344,1261699072,86.9,0
607,112048.60,15.5,185274,810246,228573936,1420178,8,4,6575931392,9303666688,61.7,500068036608,15324188672,5176717312,74.7,8401977344,1261699072,86.9,0
604,112050.61,16.2,209249,810121,228579564,1408588,8,4,6626660352,9251971072,61.4,500068036608,15324188672,5176709120,74.7,8401977344,1261699072,86.9,0
608,112052.63,21.6,174844,815691,228606092,1423356,8,4,6546227200,9330487296,61.9,500068036608,15324188672,5176684544,74.7,8401977344,1261699072,86.9,0
608,112054.66,16.6,173783,819916,228613727,1423012,8,4,6540476416,9336971264,61.9,500068036608,15324188672,5176537088,74.7,8401977344,1261699072,86.9,0
608,112056.67,15.2,181221,815676,228621564,1418742,8,4,6553448448,9319362560,61.9,500068036608,15324188672,5176496128,74.7,8401977344,1261699072,86.9,0
608,112058.69,17.7,178946,812830,228629394,1420295,8,4,6550491136,9320837120,61.9,500068036608,15324188672,5176414208,74.7,8401977344,1261699072,86.9,0
607,112060.71,16.7,179141,813472,228634085,1420436,8,4,6551867392,9319038976,61.9,500068036608,15324188672,5176320000,74.8,8401977344,1261699072,86.9,0
608,112062.73,11.1,178369,810634,228640561,1422230,8,4,6556053504,9314254848,61.8,500068036608,15324188672,5176320000,74.8,8401977344,1261699072,86.9,0
608,112064.74,15.0,177449,807163,228646486,1423979,8,4,6559449088,9308704768,61.8,500068036608,15324188672,5176315904,74.8,8401977344,1261699072,86.9,0
607,112066.76,14.6,181609,807208,228648999,1422058,8,4,6568620032,9298538496,61.8,500068036608,15324188672,5176213504,74.8,8401977344,1261699072,86.9,0
607,112068.77,15.8,179892,808970,228653693,1422008,8,4,6561382400,9305018368,61.8,500068036608,15324188672,5176086528,74.8,8368422912,1295253504,86.6,0
607,112070.79,16.4,179362,803763,228656724,1424272,8,4,6568484864,9297547264,61.8,500068036608,15324188672,5176037376,74.8,8368422912,1295253504,86.6,0
607,112072.80,16.6,170977,803080,228675415,1428920,8,4,6553178112,9314017280,61.9,500068036608,15324188672,5175685120,74.8,8368422912,1295253504,86.6,0
607,112074.82,14.4,170872,804320,228678885,1428663,8,4,6551695360,9314193408,61.9,500068036608,15324188672,5175607296,74.8,8368422912,1295253504,86.6,0
607,112076.84,15.1,172690,804299,228681333,1427198,8,4,6553141248,9311932416,61.9,500068036608,15324188672,5175418880,74.8,8368422912,1295253504,86.6,0
609,112078.86,12.6,172032,803661,228686067,1427769,8,4,6552784896,9312419840,61.9,500068036608,15324188672,5175369728,74.8,8368422912,1295253504,86.6,0
607,112080.88,11.5,181728,800412,228690546,1426091,8,4,6585626624,9284448256,61.7,500068036608,15324188672,5175345152,74.8,8368422912,1295253504,86.6,0
604,112082.89,13.9,199908,807267,228698031,1412651,8,4,6605041664,9260589056,61.6,500068036608,15324188672,5175062528,74.8,8368422912,1295253504,86.6,0
604,112084.91,16.3,198115,808961,228705120,1412510,8,4,6597120000,9268916224,61.6,500068036608,15324188672,5173157888,74.8,8368422912,1295253504,86.6,0
604,112086.93,12.1,199360,808860,228706320,1411283,8,4,6597193728,9268244480,61.6,500068036608,15324188672,5173153792,74.8,8368422912,1295253504,86.6,0
604,112088.94,18.1,190818,808348,228714260,1419342,8,4,6595215360,9296965632,61.6,500068036608,15324188672,5173153792,74.8,8368422912,1295253504,86.6,0
604,112090.96,15.4,190875,808028,228720492,1418796,8,4,6593212416,9298522112,61.6,500068036608,15324188672,5173137408,74.8,8368422912,1295253504,86.6,0
604,112092.98,13.9,189214,807468,228726437,1419873,8,4,6590820352,9300340736,61.6,500068036608,15324188672,5173137408,74.8,8368422912,1295253504,86.6,0
604,112095.00,11.9,187991,806979,228727921,1420722,8,4,6589288448,9301954560,61.6,500068036608,15324188672,5173088256,74.8,8368422912,1295253504,86.6,0
604,112097.02,11.1,186683,808687,228731756,1420713,8,4,6583894016,9307103232,61.7,500068036608,15324188672,5173014528,74.8,8368422912,1295253504,86.6,0
604,112099.03,15.0,186610,808756,228736182,1420546,8,4,6582910976,9307660288,61.7,500068036608,15324188672,5172985856,74.8,8368422912,1295253504,86.6,0
604,112101.05,11.8,181531,809761,228741572,1421594,8,4,6566400000,9324490752,61.8,500068036608,15324188672,5173530624,74.8,8368422912,1295253504,86.6,0
604,112103.06,10.7,182191,804591,228742693,1424614,8,4,6581473280,9309290496,61.7,500068036608,15324188672,5173526528,74.8,8368422912,1295253504,86.6,0
604,112105.11,15.8,174171,894600,228756970,1388040,8,4,6398816256,9491070976,62.8,500068036608,15324188672,5173391360,74.8,8368422912,1295253504,86.6,0
604,112107.13,28.1,137760,986852,228768395,1355702,8,4,6117220352,9761710080,64.4,500068036608,15324188672,5172895744,74.8,8368422912,1295253504,86.6,0
604,112109.14,19.5,130023,1005734,228778656,1349853,8,4,6061572096,9817489408,64.7,500068036608,15324188672,5172891648,74.8,8368422912,1295253504,86.6,0
604,112111.16,21.9,132315,1005585,228786686,1347313,8,4,6060556288,9813413888,64.7,500068036608,15324188672,5172887552,74.8,8368422912,1295253504,86.6,0
605,112113.18,23.2,133179,999742,228796731,1349087,8,4,6071361536,9798803456,64.7,500068036608,15324188672,5172580352,74.8,8334868480,1328807936,86.2,0
604,112115.19,21.4,127818,996145,228805714,1352252,8,4,6062366720,9805205504,64.7,500068036608,15324188672,5172563968,74.8,8334868480,1328807936,86.2,0
604,112117.21,9.9,126483,957863,228813566,1372759,8,4,6140895232,9724887040,64.3,500068036608,15324188672,5172555776,74.8,8334868480,1328807936,86.2,0
604,112119.23,14.8,125550,958748,228833426,1372915,8,4,6137712640,9727746048,64.3,500068036608,15324188672,5172555776,74.8,8334868480,1328807936,86.2,0
602,112121.25,11.7,162991,922627,228837856,1371272,8,4,6284341248,9577705472,63.4,500068036608,15324188672,5172551680,74.8,8334868480,1328807936,86.2,0
602,112123.27,39.6,141390,942370,228843892,1371714,8,4,6197673984,9660153856,63.9,500068036608,15324188672,5172551680,74.8,8334868480,1328807936,86.2,0
602,112125.28,29.1,138395,944786,228847081,1371885,8,4,6186106880,9670537216,64.0,500068036608,15324188672,5172535296,74.8,8334868480,1328807936,86.2,0
602,112127.30,12.6,135723,842884,228855056,1390014,8,4,6249418752,9606795264,63.6,500068036608,15324188672,5172535296,74.8,8334868480,1328807936,86.2,0
602,112129.32,10.6,140270,839157,228858216,1396437,8,4,6294351872,9558900736,63.4,500068036608,15324188672,5172531200,74.8,8334868480,1328807936,86.2,0
602,112131.34,14.6,149893,833473,228864627,1407979,8,4,6381043712,9472012288,62.9,500068036608,15324188672,5172523008,74.8,8334868480,1328807936,86.2,0
602,112133.36,24.2,134011,847789,228870909,1421646,8,4,6371971072,9477337088,62.9,500068036608,15324188672,5172523008,74.8,8334868480,1328807936,86.2,0
601,112135.37,20.3,134197,847883,228873555,1421269,8,4,6371188736,9475862528,62.9,500068036608,15324188672,5172338688,74.8,8301314048,1362362368,85.9,0
603,112137.39,30.7,123069,860373,228880302,1420475,8,4,6322356224,9523929088,63.2,500068036608,15324188672,5172326400,74.8,8301314048,1362362368,85.9,0
604,112139.41,23.6,120053,855892,228886089,1421082,8,4,6312488960,9527234560,63.3,500068036608,15324188672,5172322304,74.8,8301314048,1362362368,85.9,0
604,112141.42,8.6,119789,857426,228887201,1422662,8,4,6317879296,9521426432,63.2,500068036608,15324188672,5172322304,74.8,8301314048,1362362368,85.9,0
604,112143.44,7.8,138105,839222,228888905,1422808,8,4,6393499648,9446424576,62.8,500068036608,15324188672,5172322304,74.8,8301314048,1362362368,85.9,0
604,112145.46,7.6,150239,826736,228890455,1422741,8,4,6442926080,9395388416,62.5,500068036608,15324188672,5172322304,74.8,8301314048,1362362368,85.9,0
604,112147.47,7.1,150280,829157,228890861,1422393,8,4,6441668608,9396953088,62.5,500068036608,15324188672,5172322304,74.8,8301314048,1362362368,85.9,0
604,112149.49,20.0,91756,985248,228905070,1371829,8,4,5994844160,9832820736,65.1,500068036608,15324188672,5172301824,74.8,8301314048,1362362368,85.9,0
604,112151.51,12.6,90389,991390,228908903,1371280,8,4,5986996224,9837965312,65.2,500068036608,15324188672,5172080640,74.8,8301314048,1362362368,85.9,0
604,112153.53,7.5,96084,977615,228911210,1371178,8,4,6009905152,9814568960,65.0,500068036608,15324188672,5172080640,74.8,8301314048,1362362368,85.9,0
